year_month,Species,Anom
2002-09,pauc,-0.089028
2002-10,pauc,-0.119203
2002-11,pauc,-0.119203
2002-12,pauc,-0.119203
2003-01,pauc,0.053681
2003-02,pauc,0.066594
2003-03,pauc,0.041202
2003-04,pauc,0.041202
2003-05,pauc,-0.002089
2003-06,pauc,-0.002089
2003-07,pauc,0.023423
2003-08,pauc,0.023423
2003-09,pauc,-0.008725
2003-10,pauc,-0.008725
2003-11,pauc,0.013728
2003-12,pauc,0.016512
2004-01,pauc,-0.000343
2004-02,pauc,0.000213
2004-03,pauc,-0.016448
2004-04,pauc,-0.016448
2004-05,pauc,-0.012400
2004-06,pauc,-0.012400
2004-07,pauc,0.010253
2004-08,pauc,0.010253
2004-09,pauc,0.022443
2004-10,pauc,0.011266
2004-11,pauc,0.011266
2004-12,pauc,0.011266
2005-01,pauc,0.004702
2005-02,pauc,0.004702
2005-03,pauc,0.020823
2005-04,pauc,0.020695
2005-05,pauc,0.025046
2005-06,pauc,0.025046
2005-07,pauc,0.025046
2005-08,pauc,0.025046
2005-09,pauc,0.025046
2005-10,pauc,-0.005714
2005-11,pauc,-0.005714
2005-12,pauc,-0.005714
2006-01,pauc,0.004719
2006-02,pauc,0.004719
2006-03,pauc,-0.010028
2006-04,pauc,-0.010028
2006-05,pauc,-0.010028
2006-06,pauc,-0.010028
2006-07,pauc,-0.013104
2006-08,pauc,-0.013104
2006-09,pauc,-0.034448
2006-10,pauc,-0.034448
2006-11,pauc,-0.013257
2006-12,pauc,-0.013257
2007-01,pauc,-0.024373
2007-02,pauc,-0.024373
2007-03,pauc,-0.030953
2007-04,pauc,-0.015428
2007-05,pauc,-0.015428
2007-06,pauc,-0.015428
2007-07,pauc,-0.015428
2007-08,pauc,-0.017898
2007-09,pauc,-0.020288
2007-10,pauc,-0.011781
2007-11,pauc,-0.008475
2007-12,pauc,-0.008475
2008-01,pauc,-0.016486
2008-02,pauc,-0.016486
2008-03,pauc,-0.026811
2008-04,pauc,-0.026811
2008-05,pauc,-0.019255
2008-06,pauc,-0.019255
2008-07,pauc,-0.019092
2008-08,pauc,-0.019092
2008-09,pauc,-0.019707
2008-10,pauc,-0.016727
2008-11,pauc,-0.016486
2008-12,pauc,-0.016486
2009-01,pauc,-0.016487
2009-02,pauc,-0.016487
2009-03,pauc,-0.015130
2009-04,pauc,-0.018007
2009-05,pauc,-0.014644
2009-06,pauc,-0.014644
2009-07,pauc,0.012695
2009-08,pauc,0.012695
2009-09,pauc,-0.018007
2009-10,pauc,-0.018007
2009-11,pauc,-0.018007
2009-12,pauc,-0.018007
2010-01,pauc,-0.015130
2010-02,pauc,-0.015130
2010-03,pauc,-0.018007
2010-04,pauc,-0.018007
2010-05,pauc,-0.014644
2010-06,pauc,-0.014644
2010-07,pauc,0.012695
2010-08,pauc,0.012695
2010-09,pauc,-0.018007
2010-10,pauc,-0.018007
2010-11,pauc,-0.015130
2010-12,pauc,-0.036491
2011-01,pauc,-0.015130
2011-02,pauc,-0.015130
2011-03,pauc,-0.018007
2011-04,pauc,-0.018007
2011-05,pauc,-0.014599
2011-06,pauc,-0.014599
2011-07,pauc,0.013095
2011-08,pauc,0.013095
2011-09,pauc,-0.014649
2011-10,pauc,-0.014649
2011-11,pauc,-0.011979
2011-12,pauc,-0.011979
2012-01,pauc,-0.015061
2012-02,pauc,-0.015061
2012-03,pauc,-0.014649
2012-04,pauc,-0.014649
2012-05,pauc,0.013095
2012-06,pauc,0.013095
2012-07,pauc,0.013095
2012-08,pauc,0.013095
2012-09,pauc,0.013009
2012-10,pauc,0.013009
2012-11,pauc,-0.011979
2012-12,pauc,-0.011979
2013-01,pauc,-0.015037
2013-02,pauc,-0.015037
2013-03,pauc,-0.014491
2013-04,pauc,-0.014491
2013-05,pauc,0.013371
2013-06,pauc,0.013371
2013-07,pauc,0.013371
2013-08,pauc,0.013371
2013-09,pauc,0.013284
2013-10,pauc,0.013284
2013-11,pauc,-0.011939
2013-12,pauc,-0.011939
2014-01,pauc,0.017925
2014-02,pauc,0.017925
2014-03,pauc,0.013284
2014-04,pauc,0.013284
2014-05,pauc,0.013371
2014-06,pauc,0.013371
2014-07,pauc,0.013371
2014-08,pauc,0.013371
2014-09,pauc,0.013284
2014-10,pauc,0.013284
2014-11,pauc,0.017925
2014-12,pauc,0.017925
2015-01,pauc,0.017925
2015-02,pauc,0.017925
2015-03,pauc,0.018248
2015-04,pauc,0.018248
2015-05,pauc,0.018340
2015-06,pauc,0.018340
2015-07,pauc,0.018340
2015-08,pauc,0.018340
2015-09,pauc,0.018248
2015-10,pauc,0.018248
2015-11,pauc,0.018248
2015-12,pauc,0.018248
2016-01,pauc,0.018248
2016-02,pauc,0.018248
2016-03,pauc,0.018248
2016-04,pauc,0.018248
2016-05,pauc,0.018340
2016-06,pauc,0.018340
2016-07,pauc,0.018340
2016-08,pauc,0.018340
2016-09,pauc,0.018248
2016-10,pauc,0.018248
2016-11,pauc,0.018248
2016-12,pauc,0.018248
2017-01,pauc,0.039181
2017-02,pauc,0.039495
2017-03,pauc,0.039495
2017-04,pauc,0.039495
2017-05,pauc,0.039495
2017-06,pauc,0.039495
2017-07,pauc,0.039495
2017-08,pauc,0.039495
2017-09,pauc,0.039495
2017-10,pauc,0.039495
2017-11,pauc,0.039495
2017-12,pauc,0.039495
2018-01,pauc,0.039495
2018-02,pauc,0.039495
2018-03,pauc,0.039495
2018-04,pauc,0.039495
2018-05,pauc,0.039495
2018-06,pauc,0.039495
2018-07,pauc,0.039495
2018-08,pauc,0.039495
2018-09,pauc,0.039495
2018-10,pauc,0.039495
2018-11,pauc,0.039495
2018-12,pauc,0.039495
2019-01,pauc,0.039478
2019-02,pauc,0.039478
2019-03,pauc,0.039478
2019-04,pauc,0.039478
2019-05,pauc,0.039478
2019-06,pauc,0.039478
2019-07,pauc,0.039478
2019-08,pauc,0.039478
2019-09,pauc,0.039478
2019-10,pauc,0.039478
2019-11,pauc,0.039478
2019-12,pauc,0.039478
2002-09,pinn,-0.011358
2002-10,pinn,-0.011426
2002-11,pinn,-0.011426
2002-12,pinn,-0.011426
2003-01,pinn,0.015797
2003-02,pinn,0.018735
2003-03,pinn,0.012164
2003-04,pinn,0.012164
2003-05,pinn,0.002526
2003-06,pinn,0.002526
2003-07,pinn,0.007711
2003-08,pinn,0.007711
2003-09,pinn,0.003465
2003-10,pinn,0.003465
2003-11,pinn,0.009901
2003-12,pinn,0.010469
2004-01,pinn,0.000896
2004-02,pinn,0.000886
2004-03,pinn,-0.002053
2004-04,pinn,-0.002053
2004-05,pinn,-0.006797
2004-06,pinn,-0.006797
2004-07,pinn,-0.004992
2004-08,pinn,-0.004992
2004-09,pinn,0.003874
2004-10,pinn,0.008975
2004-11,pinn,0.008975
2004-12,pinn,0.008975
2005-01,pinn,0.001750
2005-02,pinn,0.001750
2005-03,pinn,-0.003596
2005-04,pinn,-0.003601
2005-05,pinn,-0.003399
2005-06,pinn,-0.003399
2005-07,pinn,-0.003399
2005-08,pinn,-0.003399
2005-09,pinn,-0.003399
2005-10,pinn,0.008517
2005-11,pinn,0.008517
2005-12,pinn,0.008517
2006-01,pinn,0.001754
2006-02,pinn,0.001754
2006-03,pinn,-0.006024
2006-04,pinn,-0.006024
2006-05,pinn,-0.006024
2006-06,pinn,-0.006024
2006-07,pinn,-0.005337
2006-08,pinn,-0.005337
2006-09,pinn,-0.007076
2006-10,pinn,-0.007076
2006-11,pinn,0.000143
2006-12,pinn,0.000143
2007-01,pinn,-0.006626
2007-02,pinn,-0.006626
2007-03,pinn,-0.006962
2007-04,pinn,-0.006365
2007-05,pinn,-0.006365
2007-06,pinn,-0.006365
2007-07,pinn,-0.006365
2007-08,pinn,-0.006467
2007-09,pinn,-0.006580
2007-10,pinn,-0.006149
2007-11,pinn,-0.005951
2007-12,pinn,-0.005951
2008-01,pinn,-0.006382
2008-02,pinn,-0.006382
2008-03,pinn,-0.006887
2008-04,pinn,-0.006887
2008-05,pinn,-0.006823
2008-06,pinn,-0.006823
2008-07,pinn,-0.006816
2008-08,pinn,-0.006816
2008-09,pinn,-0.006839
2008-10,pinn,-0.006405
2008-11,pinn,-0.006382
2008-12,pinn,-0.006382
2009-01,pinn,-0.006382
2009-02,pinn,-0.006382
2009-03,pinn,-0.006157
2009-04,pinn,-0.006307
2009-05,pinn,-0.006151
2009-06,pinn,-0.006151
2009-07,pinn,-0.003874
2009-08,pinn,-0.003874
2009-09,pinn,-0.006307
2009-10,pinn,-0.006307
2009-11,pinn,-0.006307
2009-12,pinn,-0.006307
2010-01,pinn,-0.006157
2010-02,pinn,-0.006157
2010-03,pinn,-0.006307
2010-04,pinn,-0.006307
2010-05,pinn,-0.006151
2010-06,pinn,-0.006151
2010-07,pinn,-0.003874
2010-08,pinn,-0.003874
2010-09,pinn,-0.006307
2010-10,pinn,-0.006307
2010-11,pinn,-0.006157
2010-12,pinn,-0.007122
2011-01,pinn,-0.006157
2011-02,pinn,-0.006157
2011-03,pinn,-0.006307
2011-04,pinn,-0.006307
2011-05,pinn,-0.006148
2011-06,pinn,-0.006148
2011-07,pinn,-0.003831
2011-08,pinn,-0.003831
2011-09,pinn,-0.006150
2011-10,pinn,-0.006150
2011-11,pinn,-0.006006
2011-12,pinn,-0.006006
2012-01,pinn,-0.006152
2012-02,pinn,-0.006152
2012-03,pinn,-0.006150
2012-04,pinn,-0.006150
2012-05,pinn,-0.003831
2012-06,pinn,-0.003831
2012-07,pinn,-0.003831
2012-08,pinn,-0.003831
2012-09,pinn,-0.003835
2012-10,pinn,-0.003835
2012-11,pinn,-0.006006
2012-12,pinn,-0.006006
2013-01,pinn,-0.006151
2013-02,pinn,-0.006151
2013-03,pinn,-0.006142
2013-04,pinn,-0.006142
2013-05,pinn,-0.003814
2013-06,pinn,-0.003814
2013-07,pinn,-0.003814
2013-08,pinn,-0.003814
2013-09,pinn,-0.003818
2013-10,pinn,-0.003818
2013-11,pinn,-0.006004
2013-12,pinn,-0.006004
2014-01,pinn,-0.003524
2014-02,pinn,-0.003524
2014-03,pinn,-0.003818
2014-04,pinn,-0.003818
2014-05,pinn,-0.003814
2014-06,pinn,-0.003814
2014-07,pinn,-0.003814
2014-08,pinn,-0.003814
2014-09,pinn,-0.003818
2014-10,pinn,-0.003818
2014-11,pinn,-0.003524
2014-12,pinn,-0.003524
2015-01,pinn,-0.003524
2015-02,pinn,-0.003524
2015-03,pinn,-0.003505
2015-04,pinn,-0.003505
2015-05,pinn,-0.003500
2015-06,pinn,-0.003500
2015-07,pinn,-0.003500
2015-08,pinn,-0.003500
2015-09,pinn,-0.003505
2015-10,pinn,-0.003505
2015-11,pinn,-0.003505
2015-12,pinn,-0.003505
2016-01,pinn,-0.003505
2016-02,pinn,-0.003505
2016-03,pinn,-0.003505
2016-04,pinn,-0.003505
2016-05,pinn,-0.003500
2016-06,pinn,-0.003500
2016-07,pinn,-0.003500
2016-08,pinn,-0.003500
2016-09,pinn,-0.003505
2016-10,pinn,-0.003505
2016-11,pinn,-0.003505
2016-12,pinn,-0.003505
2017-01,pinn,-0.002598
2017-02,pinn,-0.002581
2017-03,pinn,-0.002581
2017-04,pinn,-0.002581
2017-05,pinn,-0.002581
2017-06,pinn,-0.002581
2017-07,pinn,-0.002581
2017-08,pinn,-0.002581
2017-09,pinn,-0.002581
2017-10,pinn,-0.002581
2017-11,pinn,-0.002581
2017-12,pinn,-0.002581
2018-01,pinn,-0.002581
2018-02,pinn,-0.002581
2018-03,pinn,-0.002581
2018-04,pinn,-0.002581
2018-05,pinn,-0.002581
2018-06,pinn,-0.002581
2018-07,pinn,-0.002581
2018-08,pinn,-0.002581
2018-09,pinn,-0.002581
2018-10,pinn,-0.002581
2018-11,pinn,-0.002581
2018-12,pinn,-0.002581
2019-01,pinn,-0.002589
2019-02,pinn,-0.002589
2019-03,pinn,-0.002589
2019-04,pinn,-0.002589
2019-05,pinn,-0.002589
2019-06,pinn,-0.002589
2019-07,pinn,-0.002589
2019-08,pinn,-0.002589
2019-09,pinn,-0.002589
2019-10,pinn,-0.002589
2019-11,pinn,-0.002589
2019-12,pinn,-0.002589
2002-09,levi,-0.016986
2002-10,levi,-0.015462
2002-11,levi,-0.015462
2002-12,levi,-0.015462
2003-01,levi,0.021428
2003-02,levi,0.024787
2003-03,levi,0.021080
2003-04,levi,0.021080
2003-05,levi,0.009795
2003-06,levi,0.009795
2003-07,levi,0.018610
2003-08,levi,0.018610
2003-09,levi,0.008779
2003-10,levi,0.008779
2003-11,levi,0.001384
2003-12,levi,0.001807
2004-01,levi,0.029534
2004-02,levi,0.029833
2004-03,levi,0.019318
2004-04,levi,0.019318
2004-05,levi,0.012203
2004-06,levi,0.012203
2004-07,levi,0.023044
2004-08,levi,0.023044
2004-09,levi,0.037338
2004-10,levi,0.000644
2004-11,levi,0.000644
2004-12,levi,0.000644
2005-01,levi,0.030868
2005-02,levi,0.030868
2005-03,levi,0.025983
2005-04,levi,0.025964
2005-05,levi,0.027396
2005-06,levi,0.027396
2005-07,levi,0.027396
2005-08,levi,0.027396
2005-09,levi,0.027396
2005-10,levi,0.001451
2005-11,levi,0.001451
2005-12,levi,0.001451
2006-01,levi,0.030877
2006-02,levi,0.030877
2006-03,levi,0.016660
2006-04,levi,0.016660
2006-05,levi,0.016660
2006-06,levi,0.016660
2006-07,levi,0.016040
2006-08,levi,0.016040
2006-09,levi,0.009285
2006-10,levi,0.009285
2006-11,levi,0.024366
2006-12,levi,0.024366
2007-01,levi,0.012416
2007-02,levi,0.012416
2007-03,levi,0.010371
2007-04,levi,0.015308
2007-05,levi,0.015308
2007-06,levi,0.015308
2007-07,levi,0.015308
2007-08,levi,0.014446
2007-09,levi,0.014143
2007-10,levi,0.015969
2007-11,levi,0.017113
2007-12,levi,0.017113
2008-01,levi,0.015587
2008-02,levi,0.015587
2008-03,levi,0.013376
2008-04,levi,0.013376
2008-05,levi,0.013285
2008-06,levi,0.013285
2008-07,levi,0.013343
2008-08,levi,0.013343
2008-09,levi,0.013128
2008-10,levi,0.014973
2008-11,levi,0.015587
2008-12,levi,0.015587
2009-01,levi,0.015587
2009-02,levi,0.015587
2009-03,levi,0.017646
2009-04,levi,0.016601
2009-05,levi,0.017222
2009-06,levi,0.017222
2009-07,levi,0.028416
2009-08,levi,0.028416
2009-09,levi,0.016601
2009-10,levi,0.016601
2009-11,levi,0.016601
2009-12,levi,0.016601
2010-01,levi,0.017646
2010-02,levi,0.017646
2010-03,levi,0.016601
2010-04,levi,0.016601
2010-05,levi,0.017222
2010-06,levi,0.017222
2010-07,levi,0.028416
2010-08,levi,0.028416
2010-09,levi,0.016601
2010-10,levi,0.016601
2010-11,levi,0.017646
2010-12,levi,0.010420
2011-01,levi,0.017646
2011-02,levi,0.017646
2011-03,levi,0.016601
2011-04,levi,0.016601
2011-05,levi,0.017238
2011-06,levi,0.017238
2011-07,levi,0.028632
2011-08,levi,0.028632
2011-09,levi,0.017238
2011-10,levi,0.017238
2011-11,levi,0.018263
2011-12,levi,0.018263
2012-01,levi,0.017669
2012-02,levi,0.017669
2012-03,levi,0.017238
2012-04,levi,0.017238
2012-05,levi,0.028632
2012-06,levi,0.028632
2012-07,levi,0.028632
2012-08,levi,0.028632
2012-09,levi,0.028632
2012-10,levi,0.028632
2012-11,levi,0.018263
2012-12,levi,0.018263
2013-01,levi,0.017677
2013-02,levi,0.017677
2013-03,levi,0.017301
2013-04,levi,0.017301
2013-05,levi,0.028752
2013-06,levi,0.028752
2013-07,levi,0.028752
2013-08,levi,0.028752
2013-09,levi,0.028752
2013-10,levi,0.028752
2013-11,levi,0.018276
2013-12,levi,0.018276
2014-01,levi,0.030700
2014-02,levi,0.030700
2014-03,levi,0.028752
2014-04,levi,0.028752
2014-05,levi,0.028752
2014-06,levi,0.028752
2014-07,levi,0.028752
2014-08,levi,0.028752
2014-09,levi,0.028752
2014-10,levi,0.028752
2014-11,levi,0.030700
2014-12,levi,0.030700
2015-01,levi,0.030700
2015-02,levi,0.030700
2015-03,levi,0.030841
2015-04,levi,0.030841
2015-05,levi,0.030841
2015-06,levi,0.030841
2015-07,levi,0.030841
2015-08,levi,0.030841
2015-09,levi,0.030841
2015-10,levi,0.030841
2015-11,levi,0.030841
2015-12,levi,0.030841
2016-01,levi,0.030841
2016-02,levi,0.030841
2016-03,levi,0.030841
2016-04,levi,0.030841
2016-05,levi,0.030841
2016-06,levi,0.030841
2016-07,levi,0.030841
2016-08,levi,0.030841
2016-09,levi,0.030841
2016-10,levi,0.030841
2016-11,levi,0.030841
2016-12,levi,0.030841
2017-01,levi,0.030841
2017-02,levi,0.030932
2017-03,levi,0.030932
2017-04,levi,0.030932
2017-05,levi,0.030932
2017-06,levi,0.030932
2017-07,levi,0.030932
2017-08,levi,0.030932
2017-09,levi,0.030932
2017-10,levi,0.030932
2017-11,levi,0.030932
2017-12,levi,0.030932
2018-01,levi,0.030932
2018-02,levi,0.030932
2018-03,levi,0.030932
2018-04,levi,0.030932
2018-05,levi,0.030932
2018-06,levi,0.030932
2018-07,levi,0.030932
2018-08,levi,0.030932
2018-09,levi,0.030932
2018-10,levi,0.030932
2018-11,levi,0.030932
2018-12,levi,0.030932
2019-01,levi,0.030981
2019-02,levi,0.030981
2019-03,levi,0.030981
2019-04,levi,0.030981
2019-05,levi,0.030981
2019-06,levi,0.030981
2019-07,levi,0.030981
2019-08,levi,0.030981
2019-09,levi,0.030981
2019-10,levi,0.030981
2019-11,levi,0.030981
2019-12,levi,0.030981
2002-09,cram,0.085969
2002-10,cram,0.238472
2002-11,cram,0.238472
2002-12,cram,0.238472
2003-01,cram,0.134173
2003-02,cram,0.140890
2003-03,cram,0.147611
2003-04,cram,0.147611
2003-05,cram,0.146749
2003-06,cram,0.146749
2003-07,cram,0.179033
2003-08,cram,0.179033
2003-09,cram,0.152138
2003-10,cram,0.152138
2003-11,cram,0.041943
2003-12,cram,0.039397
2004-01,cram,0.242988
2004-02,cram,0.243141
2004-03,cram,0.214640
2004-04,cram,0.214640
2004-05,cram,0.189492
2004-06,cram,0.189492
2004-07,cram,0.212967
2004-08,cram,0.212967
2004-09,cram,0.237099
2004-10,cram,0.047223
2004-11,cram,0.047223
2004-12,cram,0.047223
2005-01,cram,0.240578
2005-02,cram,0.240578
2005-03,cram,0.182285
2005-04,cram,0.182339
2005-05,cram,0.179394
2005-06,cram,0.179394
2005-07,cram,0.179394
2005-08,cram,0.179394
2005-09,cram,0.179394
2005-10,cram,0.057910
2005-11,cram,0.057910
2005-12,cram,0.057910
2006-01,cram,0.240586
2006-02,cram,0.240586
2006-03,cram,0.221191
2006-04,cram,0.221191
2006-05,cram,0.221191
2006-06,cram,0.221191
2006-07,cram,0.166280
2006-08,cram,0.166280
2006-09,cram,0.200761
2006-10,cram,0.200761
2006-11,cram,0.225918
2006-12,cram,0.225918
2007-01,cram,0.208200
2007-02,cram,0.208200
2007-03,cram,0.203373
2007-04,cram,0.200577
2007-05,cram,0.200577
2007-06,cram,0.200577
2007-07,cram,0.200577
2007-08,cram,0.201767
2007-09,cram,0.201594
2007-10,cram,0.220397
2007-11,cram,0.220446
2007-12,cram,0.220446
2008-01,cram,0.200623
2008-02,cram,0.200623
2008-03,cram,0.197720
2008-04,cram,0.197720
2008-05,cram,0.194949
2008-06,cram,0.194949
2008-07,cram,0.194993
2008-08,cram,0.194993
2008-09,cram,0.195293
2008-10,cram,0.202131
2008-11,cram,0.200623
2008-12,cram,0.200623
2009-01,cram,0.200623
2009-02,cram,0.200623
2009-03,cram,0.215851
2009-04,cram,0.216823
2009-05,cram,0.217119
2009-06,cram,0.217119
2009-07,cram,0.179329
2009-08,cram,0.179329
2009-09,cram,0.216823
2009-10,cram,0.216823
2009-11,cram,0.216823
2009-12,cram,0.216823
2010-01,cram,0.215851
2010-02,cram,0.215851
2010-03,cram,0.216823
2010-04,cram,0.216823
2010-05,cram,0.217119
2010-06,cram,0.217119
2010-07,cram,0.179329
2010-08,cram,0.179329
2010-09,cram,0.216823
2010-10,cram,0.216823
2010-11,cram,0.215851
2010-12,cram,0.200665
2011-01,cram,0.215851
2011-02,cram,0.215851
2011-03,cram,0.216823
2011-04,cram,0.216823
2011-05,cram,0.217226
2011-06,cram,0.217226
2011-07,cram,0.177838
2011-08,cram,0.177838
2011-09,cram,0.217227
2011-10,cram,0.217227
2011-11,cram,0.216389
2011-12,cram,0.216389
2012-01,cram,0.215949
2012-02,cram,0.215949
2012-03,cram,0.217227
2012-04,cram,0.217227
2012-05,cram,0.177838
2012-06,cram,0.177838
2012-07,cram,0.177838
2012-08,cram,0.177838
2012-09,cram,0.177859
2012-10,cram,0.177859
2012-11,cram,0.216389
2012-12,cram,0.216389
2013-01,cram,0.215922
2013-02,cram,0.215922
2013-03,cram,0.217346
2013-04,cram,0.217346
2013-05,cram,0.177921
2013-06,cram,0.177921
2013-07,cram,0.177921
2013-08,cram,0.177921
2013-09,cram,0.177942
2013-10,cram,0.177942
2013-11,cram,0.216380
2013-12,cram,0.216380
2014-01,cram,0.175051
2014-02,cram,0.175051
2014-03,cram,0.177942
2014-04,cram,0.177942
2014-05,cram,0.177921
2014-06,cram,0.177921
2014-07,cram,0.177921
2014-08,cram,0.177921
2014-09,cram,0.177942
2014-10,cram,0.177942
2014-11,cram,0.175051
2014-12,cram,0.175051
2015-01,cram,0.175051
2015-02,cram,0.175051
2015-03,cram,0.175202
2015-04,cram,0.175202
2015-05,cram,0.175178
2015-06,cram,0.175178
2015-07,cram,0.175178
2015-08,cram,0.175178
2015-09,cram,0.175202
2015-10,cram,0.175202
2015-11,cram,0.175202
2015-12,cram,0.175202
2016-01,cram,0.175202
2016-02,cram,0.175202
2016-03,cram,0.175202
2016-04,cram,0.175202
2016-05,cram,0.175178
2016-06,cram,0.175178
2016-07,cram,0.175178
2016-08,cram,0.175178
2016-09,cram,0.175202
2016-10,cram,0.175202
2016-11,cram,0.175202
2016-12,cram,0.175202
2017-01,cram,0.172092
2017-02,cram,0.171955
2017-03,cram,0.171955
2017-04,cram,0.171955
2017-05,cram,0.171955
2017-06,cram,0.171955
2017-07,cram,0.171955
2017-08,cram,0.171955
2017-09,cram,0.171955
2017-10,cram,0.171955
2017-11,cram,0.171955
2017-12,cram,0.171955
2018-01,cram,0.171955
2018-02,cram,0.171955
2018-03,cram,0.171955
2018-04,cram,0.171955
2018-05,cram,0.171955
2018-06,cram,0.171955
2018-07,cram,0.171955
2018-08,cram,0.171955
2018-09,cram,0.171955
2018-10,cram,0.171955
2018-11,cram,0.171955
2018-12,cram,0.171955
2019-01,cram,0.171813
2019-02,cram,0.171813
2019-03,cram,0.171813
2019-04,cram,0.171813
2019-05,cram,0.171813
2019-06,cram,0.171813
2019-07,cram,0.171813
2019-08,cram,0.171813
2019-09,cram,0.171813
2019-10,cram,0.171813
2019-11,cram,0.171813
2019-12,cram,0.171813
2002-09,alut,0.007997
2002-10,alut,0.032099
2002-11,alut,0.032099
2002-12,alut,0.032099
2003-01,alut,0.012282
2003-02,alut,0.013698
2003-03,alut,0.013941
2003-04,alut,0.013941
2003-05,alut,0.006196
2003-06,alut,0.006196
2003-07,alut,0.009382
2003-08,alut,0.009382
2003-09,alut,0.006814
2003-10,alut,0.006814
2003-11,alut,0.002094
2003-12,alut,0.001812
2004-01,alut,0.014744
2004-02,alut,0.014728
2004-03,alut,0.009860
2004-04,alut,0.009860
2004-05,alut,0.007631
2004-06,alut,0.007631
2004-07,alut,0.012409
2004-08,alut,0.012409
2004-09,alut,0.011479
2004-10,alut,0.003352
2004-11,alut,0.003352
2004-12,alut,0.003352
2005-01,alut,0.014486
2005-02,alut,0.014486
2005-03,alut,0.020522
2005-04,alut,0.020515
2005-05,alut,0.021149
2005-06,alut,0.021149
2005-07,alut,0.021149
2005-08,alut,0.021149
2005-09,alut,0.021149
2005-10,alut,0.003940
2005-11,alut,0.003940
2005-12,alut,0.003940
2006-01,alut,0.014486
2006-02,alut,0.014486
2006-03,alut,0.015697
2006-04,alut,0.015697
2006-05,alut,0.015697
2006-06,alut,0.015697
2006-07,alut,0.021663
2006-08,alut,0.021663
2006-09,alut,0.016611
2006-10,alut,0.016611
2006-11,alut,0.016147
2006-12,alut,0.016147
2007-01,alut,0.017080
2007-02,alut,0.017080
2007-03,alut,0.017164
2007-04,alut,0.013007
2007-05,alut,0.013007
2007-06,alut,0.013007
2007-07,alut,0.013007
2007-08,alut,0.013697
2007-09,alut,0.015087
2007-10,alut,0.015360
2007-11,alut,0.015164
2007-12,alut,0.015164
2008-01,alut,0.015084
2008-02,alut,0.015084
2008-03,alut,0.013971
2008-04,alut,0.013971
2008-05,alut,0.011716
2008-06,alut,0.011716
2008-07,alut,0.011648
2008-08,alut,0.011648
2008-09,alut,0.011863
2008-10,alut,0.013910
2008-11,alut,0.015084
2008-12,alut,0.015084
2009-01,alut,0.015084
2009-02,alut,0.015084
2009-03,alut,0.016176
2009-04,alut,0.016383
2009-05,alut,0.014700
2009-06,alut,0.014700
2009-07,alut,0.019490
2009-08,alut,0.019490
2009-09,alut,0.016383
2009-10,alut,0.016383
2009-11,alut,0.016383
2009-12,alut,0.016383
2010-01,alut,0.016176
2010-02,alut,0.016176
2010-03,alut,0.016383
2010-04,alut,0.016383
2010-05,alut,0.014700
2010-06,alut,0.014700
2010-07,alut,0.019490
2010-08,alut,0.019490
2010-09,alut,0.016383
2010-10,alut,0.016383
2010-11,alut,0.016176
2010-12,alut,0.017758
2011-01,alut,0.016176
2011-02,alut,0.016176
2011-03,alut,0.016383
2011-04,alut,0.016383
2011-05,alut,0.014710
2011-06,alut,0.014710
2011-07,alut,0.019602
2011-08,alut,0.019602
2011-09,alut,0.014749
2011-10,alut,0.014749
2011-11,alut,0.014681
2011-12,alut,0.014681
2012-01,alut,0.016180
2012-02,alut,0.016180
2012-03,alut,0.014749
2012-04,alut,0.014749
2012-05,alut,0.019602
2012-06,alut,0.019602
2012-07,alut,0.019602
2012-08,alut,0.019602
2012-09,alut,0.019655
2012-10,alut,0.019655
2012-11,alut,0.014681
2012-12,alut,0.014681
2013-01,alut,0.016184
2013-02,alut,0.016184
2013-03,alut,0.014750
2013-04,alut,0.014750
2013-05,alut,0.019615
2013-06,alut,0.019615
2013-07,alut,0.019615
2013-08,alut,0.019615
2013-09,alut,0.019668
2013-10,alut,0.019668
2013-11,alut,0.014681
2013-12,alut,0.014681
2014-01,alut,0.019758
2014-02,alut,0.019758
2014-03,alut,0.019668
2014-04,alut,0.019668
2014-05,alut,0.019615
2014-06,alut,0.019615
2014-07,alut,0.019615
2014-08,alut,0.019615
2014-09,alut,0.019668
2014-10,alut,0.019668
2014-11,alut,0.019758
2014-12,alut,0.019758
2015-01,alut,0.019758
2015-02,alut,0.019758
2015-03,alut,0.019761
2015-04,alut,0.019761
2015-05,alut,0.019706
2015-06,alut,0.019706
2015-07,alut,0.019706
2015-08,alut,0.019706
2015-09,alut,0.019761
2015-10,alut,0.019761
2015-11,alut,0.019761
2015-12,alut,0.019761
2016-01,alut,0.019761
2016-02,alut,0.019761
2016-03,alut,0.019761
2016-04,alut,0.019761
2016-05,alut,0.019706
2016-06,alut,0.019706
2016-07,alut,0.019706
2016-08,alut,0.019706
2016-09,alut,0.019761
2016-10,alut,0.019761
2016-11,alut,0.019761
2016-12,alut,0.019761
2017-01,alut,0.018677
2017-02,alut,0.018749
2017-03,alut,0.018749
2017-04,alut,0.018749
2017-05,alut,0.018749
2017-06,alut,0.018749
2017-07,alut,0.018749
2017-08,alut,0.018749
2017-09,alut,0.018749
2017-10,alut,0.018749
2017-11,alut,0.018749
2017-12,alut,0.018749
2018-01,alut,0.018749
2018-02,alut,0.018749
2018-03,alut,0.018749
2018-04,alut,0.018749
2018-05,alut,0.018749
2018-06,alut,0.018749
2018-07,alut,0.018749
2018-08,alut,0.018749
2018-09,alut,0.018749
2018-10,alut,0.018749
2018-11,alut,0.018749
2018-12,alut,0.018749
2019-01,alut,0.018751
2019-02,alut,0.018751
2019-03,alut,0.018751
2019-04,alut,0.018751
2019-05,alut,0.018751
2019-06,alut,0.018751
2019-07,alut,0.018751
2019-08,alut,0.018751
2019-09,alut,0.018751
2019-10,alut,0.018751
2019-11,alut,0.018751
2019-12,alut,0.018751
2002-09,ento,0.051498
2002-10,ento,0.057589
2002-11,ento,0.057589
2002-12,ento,0.057589
2003-01,ento,0.012499
2003-02,ento,0.015567
2003-03,ento,0.013733
2003-04,ento,0.013733
2003-05,ento,0.055732
2003-06,ento,0.055732
2003-07,ento,0.050489
2003-08,ento,0.050489
2003-09,ento,0.062137
2003-10,ento,0.062137
2003-11,ento,0.023640
2003-12,ento,0.024869
2004-01,ento,0.089832
2004-02,ento,0.089730
2004-03,ento,0.095632
2004-04,ento,0.095632
2004-05,ento,0.103972
2004-06,ento,0.103972
2004-07,ento,0.100395
2004-08,ento,0.100395
2004-09,ento,0.100216
2004-10,ento,0.022813
2004-11,ento,0.022813
2004-12,ento,0.022813
2005-01,ento,0.091296
2005-02,ento,0.091296
2005-03,ento,0.036530
2005-04,ento,0.036564
2005-05,ento,0.038305
2005-06,ento,0.038305
2005-07,ento,0.038305
2005-08,ento,0.038305
2005-09,ento,0.038305
2005-10,ento,0.025377
2005-11,ento,0.025377
2005-12,ento,0.025377
2006-01,ento,0.091288
2006-02,ento,0.091288
2006-03,ento,0.089333
2006-04,ento,0.089333
2006-05,ento,0.089333
2006-06,ento,0.089333
2006-07,ento,0.024547
2006-08,ento,0.024547
2006-09,ento,0.068336
2006-10,ento,0.068336
2006-11,ento,0.077872
2006-12,ento,0.077872
2007-01,ento,0.077385
2007-02,ento,0.077385
2007-03,ento,0.072595
2007-04,ento,0.086049
2007-05,ento,0.086049
2007-06,ento,0.086049
2007-07,ento,0.086049
2007-08,ento,0.084679
2007-09,ento,0.083481
2007-10,ento,0.090287
2007-11,ento,0.089857
2007-12,ento,0.089857
2008-01,ento,0.084216
2008-02,ento,0.084216
2008-03,ento,0.084373
2008-04,ento,0.084373
2008-05,ento,0.086723
2008-06,ento,0.086723
2008-07,ento,0.086839
2008-08,ento,0.086839
2008-09,ento,0.086500
2008-10,ento,0.083882
2008-11,ento,0.084216
2008-12,ento,0.084216
2009-01,ento,0.084216
2009-02,ento,0.084216
2009-03,ento,0.089107
2009-04,ento,0.087356
2009-05,ento,0.089136
2009-06,ento,0.089136
2009-07,ento,0.042702
2009-08,ento,0.042702
2009-09,ento,0.087356
2009-10,ento,0.087356
2009-11,ento,0.087356
2009-12,ento,0.087356
2010-01,ento,0.089107
2010-02,ento,0.089107
2010-03,ento,0.087356
2010-04,ento,0.087356
2010-05,ento,0.089136
2010-06,ento,0.089136
2010-07,ento,0.042702
2010-08,ento,0.042702
2010-09,ento,0.087356
2010-10,ento,0.087356
2010-11,ento,0.089107
2010-12,ento,0.071598
2011-01,ento,0.089107
2011-02,ento,0.089107
2011-03,ento,0.087356
2011-04,ento,0.087356
2011-05,ento,0.089196
2011-06,ento,0.089196
2011-07,ento,0.041411
2011-08,ento,0.041411
2011-09,ento,0.089180
2011-10,ento,0.089180
2011-11,ento,0.090877
2011-12,ento,0.090877
2012-01,ento,0.089184
2012-02,ento,0.089184
2012-03,ento,0.089180
2012-04,ento,0.089180
2012-05,ento,0.041411
2012-06,ento,0.041411
2012-07,ento,0.041411
2012-08,ento,0.041411
2012-09,ento,0.041411
2012-10,ento,0.041411
2012-11,ento,0.090877
2012-12,ento,0.090877
2013-01,ento,0.089199
2013-02,ento,0.089199
2013-03,ento,0.089323
2013-04,ento,0.089323
2013-05,ento,0.041513
2013-06,ento,0.041513
2013-07,ento,0.041513
2013-08,ento,0.041513
2013-09,ento,0.041513
2013-10,ento,0.041513
2013-11,ento,0.090907
2013-12,ento,0.090907
2014-01,ento,0.042025
2014-02,ento,0.042025
2014-03,ento,0.041513
2014-04,ento,0.041513
2014-05,ento,0.041513
2014-06,ento,0.041513
2014-07,ento,0.041513
2014-08,ento,0.041513
2014-09,ento,0.041513
2014-10,ento,0.041513
2014-11,ento,0.042025
2014-12,ento,0.042025
2015-01,ento,0.042025
2015-02,ento,0.042025
2015-03,ento,0.042168
2015-04,ento,0.042168
2015-05,ento,0.042168
2015-06,ento,0.042168
2015-07,ento,0.042168
2015-08,ento,0.042168
2015-09,ento,0.042168
2015-10,ento,0.042168
2015-11,ento,0.042168
2015-12,ento,0.042168
2016-01,ento,0.042168
2016-02,ento,0.042168
2016-03,ento,0.042168
2016-04,ento,0.042168
2016-05,ento,0.042168
2016-06,ento,0.042168
2016-07,ento,0.042168
2016-08,ento,0.042168
2016-09,ento,0.042168
2016-10,ento,0.042168
2016-11,ento,0.042168
2016-12,ento,0.042168
2017-01,ento,0.038076
2017-02,ento,0.038308
2017-03,ento,0.038308
2017-04,ento,0.038308
2017-05,ento,0.038308
2017-06,ento,0.038308
2017-07,ento,0.038308
2017-08,ento,0.038308
2017-09,ento,0.038308
2017-10,ento,0.038308
2017-11,ento,0.038308
2017-12,ento,0.038308
2018-01,ento,0.038308
2018-02,ento,0.038308
2018-03,ento,0.038308
2018-04,ento,0.038308
2018-05,ento,0.038308
2018-06,ento,0.038308
2018-07,ento,0.038308
2018-08,ento,0.038308
2018-09,ento,0.038308
2018-10,ento,0.038308
2018-11,ento,0.038308
2018-12,ento,0.038308
2019-01,ento,0.038240
2019-02,ento,0.038240
2019-03,ento,0.038240
2019-04,ento,0.038240
2019-05,ento,0.038240
2019-06,ento,0.038240
2019-07,ento,0.038240
2019-08,ento,0.038240
2019-09,ento,0.038240
2019-10,ento,0.038240
2019-11,ento,0.038240
2019-12,ento,0.038240
2002-09,rube,0.051782
2002-10,rube,-0.007865
2002-11,rube,-0.007865
2002-12,rube,-0.007865
2003-01,rube,-0.014852
2003-02,rube,-0.009127
2003-03,rube,-0.019786
2003-04,rube,-0.019786
2003-05,rube,0.058486
2003-06,rube,0.058486
2003-07,rube,0.018981
2003-08,rube,0.018981
2003-09,rube,0.068289
2003-10,rube,0.068289
2003-11,rube,0.027580
2003-12,rube,0.030337
2004-01,rube,0.049905
2004-02,rube,0.049803
2004-03,rube,0.083414
2004-04,rube,0.083414
2004-05,rube,0.093287
2004-06,rube,0.093287
2004-07,rube,0.057763
2004-08,rube,0.057763
2004-09,rube,0.067741
2004-10,rube,0.024781
2004-11,rube,0.024781
2004-12,rube,0.024781
2005-01,rube,0.053154
2005-02,rube,0.053154
2005-03,rube,-0.018381
2005-04,rube,-0.018349
2005-05,rube,-0.016504
2005-06,rube,-0.016504
2005-07,rube,-0.016504
2005-08,rube,-0.016504
2005-09,rube,-0.016504
2005-10,rube,0.029777
2005-11,rube,0.029777
2005-12,rube,0.029777
2006-01,rube,0.053159
2006-02,rube,0.053159
2006-03,rube,0.041222
2006-04,rube,0.041222
2006-05,rube,0.041222
2006-06,rube,0.041222
2006-07,rube,-0.031498
2006-08,rube,-0.031498
2006-09,rube,0.018517
2006-10,rube,0.018517
2006-11,rube,0.037227
2006-12,rube,0.037227
2007-01,rube,0.029406
2007-02,rube,0.029406
2007-03,rube,0.023330
2007-04,rube,0.053155
2007-05,rube,0.053155
2007-06,rube,0.053155
2007-07,rube,0.053155
2007-08,rube,0.050815
2007-09,rube,0.048750
2007-10,rube,0.043695
2007-11,rube,0.043400
2007-12,rube,0.043400
2008-01,rube,0.050242
2008-02,rube,0.050242
2008-03,rube,0.052933
2008-04,rube,0.052933
2008-05,rube,0.058243
2008-06,rube,0.058243
2008-07,rube,0.058432
2008-08,rube,0.058432
2008-09,rube,0.057810
2008-10,rube,0.049347
2008-11,rube,0.050242
2008-12,rube,0.050242
2009-01,rube,0.050251
2009-02,rube,0.050251
2009-03,rube,0.049004
2009-04,rube,0.045906
2009-05,rube,0.048748
2009-06,rube,0.048748
2009-07,rube,0.001855
2009-08,rube,0.001855
2009-09,rube,0.045906
2009-10,rube,0.045906
2009-11,rube,0.045906
2009-12,rube,0.045906
2010-01,rube,0.049004
2010-02,rube,0.049004
2010-03,rube,0.045906
2010-04,rube,0.045906
2010-05,rube,0.048748
2010-06,rube,0.048748
2010-07,rube,0.001855
2010-08,rube,0.001855
2010-09,rube,0.045906
2010-10,rube,0.045906
2010-11,rube,0.049004
2010-12,rube,0.027618
2011-01,rube,0.049004
2011-02,rube,0.049004
2011-03,rube,0.045906
2011-04,rube,0.045906
2011-05,rube,0.048795
2011-06,rube,0.048795
2011-07,rube,0.000066
2011-08,rube,0.000066
2011-09,rube,0.048757
2011-10,rube,0.048757
2011-11,rube,0.051723
2011-12,rube,0.051723
2012-01,rube,0.049086
2012-02,rube,0.049086
2012-03,rube,0.048757
2012-04,rube,0.048757
2012-05,rube,0.000066
2012-06,rube,0.000066
2012-07,rube,0.000066
2012-08,rube,0.000066
2012-09,rube,0.000039
2012-10,rube,0.000039
2012-11,rube,0.051723
2012-12,rube,0.051723
2013-01,rube,0.049118
2013-02,rube,0.049118
2013-03,rube,0.048935
2013-04,rube,0.048935
2013-05,rube,0.000216
2013-06,rube,0.000216
2013-07,rube,0.000216
2013-08,rube,0.000216
2013-09,rube,0.000188
2013-10,rube,0.000188
2013-11,rube,0.051771
2013-12,rube,0.051771
2014-01,rube,0.002535
2014-02,rube,0.002535
2014-03,rube,0.000188
2014-04,rube,0.000188
2014-05,rube,0.000216
2014-06,rube,0.000216
2014-07,rube,0.000216
2014-08,rube,0.000216
2014-09,rube,0.000188
2014-10,rube,0.000188
2014-11,rube,0.002535
2014-12,rube,0.002535
2015-01,rube,0.002535
2015-02,rube,0.002535
2015-03,rube,0.002747
2015-04,rube,0.002747
2015-05,rube,0.002778
2015-06,rube,0.002778
2015-07,rube,0.002778
2015-08,rube,0.002778
2015-09,rube,0.002747
2015-10,rube,0.002747
2015-11,rube,0.002747
2015-12,rube,0.002747
2016-01,rube,0.002747
2016-02,rube,0.002747
2016-03,rube,0.002747
2016-04,rube,0.002747
2016-05,rube,0.002778
2016-06,rube,0.002778
2016-07,rube,0.002778
2016-08,rube,0.002778
2016-09,rube,0.002747
2016-10,rube,0.002747
2016-11,rube,0.002747
2016-12,rube,0.002747
2017-01,rube,-0.014071
2017-02,rube,-0.013927
2017-03,rube,-0.013927
2017-04,rube,-0.013927
2017-05,rube,-0.013927
2017-06,rube,-0.013927
2017-07,rube,-0.013927
2017-08,rube,-0.013927
2017-09,rube,-0.013927
2017-10,rube,-0.013927
2017-11,rube,-0.013927
2017-12,rube,-0.013927
2018-01,rube,-0.013927
2018-02,rube,-0.013927
2018-03,rube,-0.013927
2018-04,rube,-0.013927
2018-05,rube,-0.013927
2018-06,rube,-0.013927
2018-07,rube,-0.013927
2018-08,rube,-0.013927
2018-09,rube,-0.013927
2018-10,rube,-0.013927
2018-11,rube,-0.013927
2018-12,rube,-0.013927
2019-01,rube,-0.013993
2019-02,rube,-0.013993
2019-03,rube,-0.013993
2019-04,rube,-0.013993
2019-05,rube,-0.013993
2019-06,rube,-0.013993
2019-07,rube,-0.013993
2019-08,rube,-0.013993
2019-09,rube,-0.013993
2019-10,rube,-0.013993
2019-11,rube,-0.013993
2019-12,rube,-0.013993
2002-09,auro,-0.002282
2002-10,auro,0.192408
2002-11,auro,0.192408
2002-12,auro,0.192408
2003-01,auro,0.090478
2003-02,auro,0.062724
2003-03,auro,0.107519
2003-04,auro,0.107519
2003-05,auro,-0.000288
2003-06,auro,-0.000288
2003-07,auro,0.043685
2003-08,auro,0.043685
2003-09,auro,0.000331
2003-10,auro,0.000331
2003-11,auro,-0.020675
2003-12,auro,-0.035592
2004-01,auro,0.022160
2004-02,auro,0.021916
2004-03,auro,-0.011755
2004-04,auro,-0.011755
2004-05,auro,-0.049172
2004-06,auro,-0.049172
2004-07,auro,-0.022196
2004-08,auro,-0.022196
2004-09,auro,-0.026259
2004-10,auro,-0.006734
2004-11,auro,-0.006734
2004-12,auro,-0.006734
2005-01,auro,0.012853
2005-02,auro,0.012853
2005-03,auro,0.112808
2005-04,auro,0.112887
2005-05,auro,0.099739
2005-06,auro,0.099739
2005-07,auro,0.099739
2005-08,auro,0.099739
2005-09,auro,0.099739
2005-10,auro,0.010841
2005-11,auro,0.010841
2005-12,auro,0.010841
2006-01,auro,0.012863
2006-02,auro,0.012863
2006-03,auro,0.029948
2006-04,auro,0.029948
2006-05,auro,0.029948
2006-06,auro,0.029948
2006-07,auro,0.166012
2006-08,auro,0.166012
2006-09,auro,0.097472
2006-10,auro,0.097472
2006-11,auro,0.053594
2006-12,auro,0.053594
2007-01,auro,0.062362
2007-02,auro,0.062362
2007-03,auro,0.082306
2007-04,auro,0.012384
2007-05,auro,0.012384
2007-06,auro,0.012384
2007-07,auro,0.012384
2007-08,auro,0.018931
2007-09,auro,0.017712
2007-10,auro,0.027878
2007-11,auro,0.025740
2007-12,auro,0.025740
2008-01,auro,0.008839
2008-02,auro,0.008839
2008-03,auro,0.009316
2008-04,auro,0.009316
2008-05,auro,0.003852
2008-06,auro,0.003852
2008-07,auro,0.003718
2008-08,auro,0.003718
2008-09,auro,0.005072
2008-10,auro,0.020591
2008-11,auro,0.008839
2008-12,auro,0.008839
2009-01,auro,0.008839
2009-02,auro,0.008839
2009-03,auro,0.012825
2009-04,auro,0.023517
2009-05,auro,0.023465
2009-06,auro,0.023465
2009-07,auro,0.082628
2009-08,auro,0.082628
2009-09,auro,0.023517
2009-10,auro,0.023517
2009-11,auro,0.023517
2009-12,auro,0.023517
2010-01,auro,0.012825
2010-02,auro,0.012825
2010-03,auro,0.023517
2010-04,auro,0.023517
2010-05,auro,0.023465
2010-06,auro,0.023465
2010-07,auro,0.082628
2010-08,auro,0.082628
2010-09,auro,0.023517
2010-10,auro,0.023517
2010-11,auro,0.012825
2010-12,auro,0.075051
2011-01,auro,0.012825
2011-02,auro,0.012825
2011-03,auro,0.023517
2011-04,auro,0.023517
2011-05,auro,0.023330
2011-06,auro,0.023330
2011-07,auro,0.083470
2011-08,auro,0.083470
2011-09,auro,0.023294
2011-10,auro,0.023294
2011-11,auro,0.012463
2011-12,auro,0.012463
2012-01,auro,0.012606
2012-02,auro,0.012606
2012-03,auro,0.023294
2012-04,auro,0.023294
2012-05,auro,0.083470
2012-06,auro,0.083470
2012-07,auro,0.083470
2012-08,auro,0.083470
2012-09,auro,0.083385
2012-10,auro,0.083385
2012-11,auro,0.012463
2012-12,auro,0.012463
2013-01,auro,0.012458
2013-02,auro,0.012458
2013-03,auro,0.022717
2013-04,auro,0.022717
2013-05,auro,0.082767
2013-06,auro,0.082767
2013-07,auro,0.082767
2013-08,auro,0.082767
2013-09,auro,0.082682
2013-10,auro,0.082682
2013-11,auro,0.012317
2013-12,auro,0.012317
2014-01,auro,0.069751
2014-02,auro,0.069751
2014-03,auro,0.082682
2014-04,auro,0.082682
2014-05,auro,0.082767
2014-06,auro,0.082767
2014-07,auro,0.082767
2014-08,auro,0.082767
2014-09,auro,0.082682
2014-10,auro,0.082682
2014-11,auro,0.069751
2014-12,auro,0.069751
2015-01,auro,0.069751
2015-02,auro,0.069751
2015-03,auro,0.068859
2015-04,auro,0.068859
2015-05,auro,0.068939
2015-06,auro,0.068939
2015-07,auro,0.068939
2015-08,auro,0.068939
2015-09,auro,0.068859
2015-10,auro,0.068859
2015-11,auro,0.068859
2015-12,auro,0.068859
2016-01,auro,0.068859
2016-02,auro,0.068859
2016-03,auro,0.068859
2016-04,auro,0.068859
2016-05,auro,0.068939
2016-06,auro,0.068939
2016-07,auro,0.068939
2016-08,auro,0.068939
2016-09,auro,0.068859
2016-10,auro,0.068859
2016-11,auro,0.068859
2016-12,auro,0.068859
2017-01,auro,0.088770
2017-02,auro,0.087350
2017-03,auro,0.087350
2017-04,auro,0.087350
2017-05,auro,0.087350
2017-06,auro,0.087350
2017-07,auro,0.087350
2017-08,auro,0.087350
2017-09,auro,0.087350
2017-10,auro,0.087350
2017-11,auro,0.087350
2017-12,auro,0.087350
2018-01,auro,0.087350
2018-02,auro,0.087350
2018-03,auro,0.087350
2018-04,auro,0.087350
2018-05,auro,0.087350
2018-06,auro,0.087350
2018-07,auro,0.087350
2018-08,auro,0.087350
2018-09,auro,0.087350
2018-10,auro,0.087350
2018-11,auro,0.087350
2018-12,auro,0.087350
2019-01,auro,0.087498
2019-02,auro,0.087498
2019-03,auro,0.087498
2019-04,auro,0.087498
2019-05,auro,0.087498
2019-06,auro,0.087498
2019-07,auro,0.087498
2019-08,auro,0.087498
2019-09,auro,0.087498
2019-10,auro,0.087498
2019-11,auro,0.087498
2019-12,auro,0.087498
2002-09,rufu,-0.028099
2002-10,rufu,-0.025544
2002-11,rufu,-0.025544
2002-12,rufu,-0.025544
2003-01,rufu,0.036091
2003-02,rufu,0.035660
2003-03,rufu,0.031866
2003-04,rufu,0.031866
2003-05,rufu,0.019575
2003-06,rufu,0.019575
2003-07,rufu,0.032343
2003-08,rufu,0.032343
2003-09,rufu,0.022685
2003-10,rufu,0.022685
2003-11,rufu,0.014613
2003-12,rufu,0.013549
2004-01,rufu,0.025203
2004-02,rufu,0.025186
2004-03,rufu,0.016306
2004-04,rufu,0.016306
2004-05,rufu,0.012205
2004-06,rufu,0.012205
2004-07,rufu,0.021919
2004-08,rufu,0.021919
2004-09,rufu,0.031498
2004-10,rufu,0.009220
2004-11,rufu,0.009220
2004-12,rufu,0.009220
2005-01,rufu,0.025758
2005-02,rufu,0.025758
2005-03,rufu,0.039747
2005-04,rufu,0.039700
2005-05,rufu,0.036730
2005-06,rufu,0.036730
2005-07,rufu,0.036730
2005-08,rufu,0.036730
2005-09,rufu,0.036730
2005-10,rufu,0.010644
2005-11,rufu,0.010644
2005-12,rufu,0.010644
2006-01,rufu,0.025772
2006-02,rufu,0.025772
2006-03,rufu,0.017997
2006-04,rufu,0.017997
2006-05,rufu,0.017997
2006-06,rufu,0.017997
2006-07,rufu,0.021742
2006-08,rufu,0.021742
2006-09,rufu,0.009459
2006-10,rufu,0.009459
2006-11,rufu,0.017354
2006-12,rufu,0.017354
2007-01,rufu,0.009020
2007-02,rufu,0.009020
2007-03,rufu,0.007645
2007-04,rufu,0.016435
2007-05,rufu,0.016435
2007-06,rufu,0.016435
2007-07,rufu,0.016435
2007-08,rufu,0.015041
2007-09,rufu,0.013470
2007-10,rufu,0.016858
2007-11,rufu,0.018091
2007-12,rufu,0.018091
2008-01,rufu,0.013137
2008-02,rufu,0.013137
2008-03,rufu,0.008812
2008-04,rufu,0.008812
2008-05,rufu,0.014896
2008-06,rufu,0.014896
2008-07,rufu,0.015000
2008-08,rufu,0.015000
2008-09,rufu,0.014632
2008-10,rufu,0.015919
2008-11,rufu,0.013137
2008-12,rufu,0.013137
2009-01,rufu,0.013136
2009-02,rufu,0.013136
2009-03,rufu,0.011695
2009-04,rufu,0.012976
2009-05,rufu,0.015082
2009-06,rufu,0.015082
2009-07,rufu,0.029070
2009-08,rufu,0.029070
2009-09,rufu,0.012976
2009-10,rufu,0.012976
2009-11,rufu,0.012976
2009-12,rufu,0.012976
2010-01,rufu,0.011695
2010-02,rufu,0.011695
2010-03,rufu,0.012976
2010-04,rufu,0.012976
2010-05,rufu,0.015082
2010-06,rufu,0.015082
2010-07,rufu,0.029070
2010-08,rufu,0.029070
2010-09,rufu,0.012976
2010-10,rufu,0.012976
2010-11,rufu,0.011695
2010-12,rufu,0.003960
2011-01,rufu,0.011695
2011-02,rufu,0.011695
2011-03,rufu,0.012976
2011-04,rufu,0.012976
2011-05,rufu,0.015084
2011-06,rufu,0.015084
2011-07,rufu,0.029085
2011-08,rufu,0.029085
2011-09,rufu,0.015052
2011-10,rufu,0.015052
2011-11,rufu,0.013600
2011-12,rufu,0.013600
2012-01,rufu,0.011727
2012-02,rufu,0.011727
2012-03,rufu,0.015052
2012-04,rufu,0.015052
2012-05,rufu,0.029085
2012-06,rufu,0.029085
2012-07,rufu,0.029085
2012-08,rufu,0.029085
2012-09,rufu,0.029033
2012-10,rufu,0.029033
2012-11,rufu,0.013600
2012-12,rufu,0.013600
2013-01,rufu,0.011661
2013-02,rufu,0.011661
2013-03,rufu,0.015080
2013-04,rufu,0.015080
2013-05,rufu,0.029154
2013-06,rufu,0.029154
2013-07,rufu,0.029154
2013-08,rufu,0.029154
2013-09,rufu,0.029101
2013-10,rufu,0.029101
2013-11,rufu,0.013542
2013-12,rufu,0.013542
2014-01,rufu,0.027382
2014-02,rufu,0.027382
2014-03,rufu,0.029101
2014-04,rufu,0.029101
2014-05,rufu,0.029154
2014-06,rufu,0.029154
2014-07,rufu,0.029154
2014-08,rufu,0.029154
2014-09,rufu,0.029101
2014-10,rufu,0.029101
2014-11,rufu,0.027382
2014-12,rufu,0.027382
2015-01,rufu,0.027382
2015-02,rufu,0.027382
2015-03,rufu,0.027581
2015-04,rufu,0.027581
2015-05,rufu,0.027635
2015-06,rufu,0.027635
2015-07,rufu,0.027635
2015-08,rufu,0.027635
2015-09,rufu,0.027581
2015-10,rufu,0.027581
2015-11,rufu,0.027581
2015-12,rufu,0.027581
2016-01,rufu,0.027581
2016-02,rufu,0.027581
2016-03,rufu,0.027581
2016-04,rufu,0.027581
2016-05,rufu,0.027635
2016-06,rufu,0.027635
2016-07,rufu,0.027635
2016-08,rufu,0.027635
2016-09,rufu,0.027581
2016-10,rufu,0.027581
2016-11,rufu,0.027581
2016-12,rufu,0.027581
2017-01,rufu,0.039886
2017-02,rufu,0.039626
2017-03,rufu,0.039626
2017-04,rufu,0.039626
2017-05,rufu,0.039626
2017-06,rufu,0.039626
2017-07,rufu,0.039626
2017-08,rufu,0.039626
2017-09,rufu,0.039626
2017-10,rufu,0.039626
2017-11,rufu,0.039626
2017-12,rufu,0.039626
2018-01,rufu,0.039626
2018-02,rufu,0.039626
2018-03,rufu,0.039626
2018-04,rufu,0.039626
2018-05,rufu,0.039626
2018-06,rufu,0.039626
2018-07,rufu,0.039626
2018-08,rufu,0.039626
2018-09,rufu,0.039626
2018-10,rufu,0.039626
2018-11,rufu,0.039626
2018-12,rufu,0.039626
2019-01,rufu,0.039681
2019-02,rufu,0.039681
2019-03,rufu,0.039681
2019-04,rufu,0.039681
2019-05,rufu,0.039681
2019-06,rufu,0.039681
2019-07,rufu,0.039681
2019-08,rufu,0.039681
2019-09,rufu,0.039681
2019-10,rufu,0.039681
2019-11,rufu,0.039681
2019-12,rufu,0.039681
2002-09,mela,0.038808
2002-10,mela,-0.052301
2002-11,mela,-0.052301
2002-12,mela,-0.052301
2003-01,mela,-0.055815
2003-02,mela,-0.055507
2003-03,mela,-0.056470
2003-04,mela,-0.056470
2003-05,mela,-0.026089
2003-06,mela,-0.026089
2003-07,mela,-0.051843
2003-08,mela,-0.051843
2003-09,mela,-0.023966
2003-10,mela,-0.023966
2003-11,mela,0.005936
2003-12,mela,0.007323
2004-01,mela,-0.050133
2004-02,mela,-0.050145
2004-03,mela,-0.030759
2004-04,mela,-0.030759
2004-05,mela,-0.026938
2004-06,mela,-0.026938
2004-07,mela,-0.048211
2004-08,mela,-0.048211
2004-09,mela,-0.048156
2004-10,mela,0.006144
2004-11,mela,0.006144
2004-12,mela,0.006144
2005-01,mela,-0.049507
2005-02,mela,-0.049507
2005-03,mela,-0.058136
2005-04,mela,-0.058131
2005-05,mela,-0.057964
2005-06,mela,-0.057964
2005-07,mela,-0.057964
2005-08,mela,-0.057964
2005-09,mela,-0.057964
2005-10,mela,0.010387
2005-11,mela,0.010387
2005-12,mela,0.010387
2006-01,mela,-0.049508
2006-02,mela,-0.049508
2006-03,mela,-0.049899
2006-04,mela,-0.049899
2006-05,mela,-0.049899
2006-06,mela,-0.049899
2006-07,mela,-0.058436
2006-08,mela,-0.058436
2006-09,mela,-0.050837
2006-10,mela,-0.050837
2006-11,mela,-0.050094
2006-12,mela,-0.050094
2007-01,mela,-0.050011
2007-02,mela,-0.050011
2007-03,mela,-0.050302
2007-04,mela,-0.031414
2007-05,mela,-0.031414
2007-06,mela,-0.031414
2007-07,mela,-0.031414
2007-08,mela,-0.031962
2007-09,mela,-0.032420
2007-10,mela,-0.048956
2007-11,mela,-0.049550
2007-12,mela,-0.049550
2008-01,mela,-0.032194
2008-02,mela,-0.032194
2008-03,mela,-0.030875
2008-04,mela,-0.030875
2008-05,mela,-0.029408
2008-06,mela,-0.029408
2008-07,mela,-0.029373
2008-08,mela,-0.029373
2008-09,mela,-0.029516
2008-10,mela,-0.032426
2008-11,mela,-0.032194
2008-12,mela,-0.032194
2009-01,mela,-0.032193
2009-02,mela,-0.032193
2009-03,mela,-0.043467
2009-04,mela,-0.043919
2009-05,mela,-0.043521
2009-06,mela,-0.043521
2009-07,mela,-0.047565
2009-08,mela,-0.047565
2009-09,mela,-0.043919
2009-10,mela,-0.043919
2009-11,mela,-0.043919
2009-12,mela,-0.043919
2010-01,mela,-0.043467
2010-02,mela,-0.043467
2010-03,mela,-0.043919
2010-04,mela,-0.043919
2010-05,mela,-0.043521
2010-06,mela,-0.043521
2010-07,mela,-0.047565
2010-08,mela,-0.047565
2010-09,mela,-0.043919
2010-10,mela,-0.043919
2010-11,mela,-0.043467
2010-12,mela,-0.044769
2011-01,mela,-0.043467
2011-02,mela,-0.043467
2011-03,mela,-0.043919
2011-04,mela,-0.043919
2011-05,mela,-0.043518
2011-06,mela,-0.043518
2011-07,mela,-0.047788
2011-08,mela,-0.047788
2011-09,mela,-0.043524
2011-10,mela,-0.043524
2011-11,mela,-0.043101
2011-12,mela,-0.043101
2012-01,mela,-0.043460
2012-02,mela,-0.043460
2012-03,mela,-0.043524
2012-04,mela,-0.043524
2012-05,mela,-0.047788
2012-06,mela,-0.047788
2012-07,mela,-0.047788
2012-08,mela,-0.047788
2012-09,mela,-0.047795
2012-10,mela,-0.047795
2012-11,mela,-0.043101
2012-12,mela,-0.043101
2013-01,mela,-0.043456
2013-02,mela,-0.043456
2013-03,mela,-0.043514
2013-04,mela,-0.043514
2013-05,mela,-0.047777
2013-06,mela,-0.047777
2013-07,mela,-0.047777
2013-08,mela,-0.047777
2013-09,mela,-0.047783
2013-10,mela,-0.047783
2013-11,mela,-0.043095
2013-12,mela,-0.043095
2014-01,mela,-0.047320
2014-02,mela,-0.047320
2014-03,mela,-0.047783
2014-04,mela,-0.047783
2014-05,mela,-0.047777
2014-06,mela,-0.047777
2014-07,mela,-0.047777
2014-08,mela,-0.047777
2014-09,mela,-0.047783
2014-10,mela,-0.047783
2014-11,mela,-0.047320
2014-12,mela,-0.047320
2015-01,mela,-0.047320
2015-02,mela,-0.047320
2015-03,mela,-0.047306
2015-04,mela,-0.047306
2015-05,mela,-0.047299
2015-06,mela,-0.047299
2015-07,mela,-0.047299
2015-08,mela,-0.047299
2015-09,mela,-0.047306
2015-10,mela,-0.047306
2015-11,mela,-0.047306
2015-12,mela,-0.047306
2016-01,mela,-0.047306
2016-02,mela,-0.047306
2016-03,mela,-0.047306
2016-04,mela,-0.047306
2016-05,mela,-0.047299
2016-06,mela,-0.047299
2016-07,mela,-0.047299
2016-08,mela,-0.047299
2016-09,mela,-0.047306
2016-10,mela,-0.047306
2016-11,mela,-0.047306
2016-12,mela,-0.047306
2017-01,mela,-0.057919
2017-02,mela,-0.057910
2017-03,mela,-0.057910
2017-04,mela,-0.057910
2017-05,mela,-0.057910
2017-06,mela,-0.057910
2017-07,mela,-0.057910
2017-08,mela,-0.057910
2017-09,mela,-0.057910
2017-10,mela,-0.057910
2017-11,mela,-0.057910
2017-12,mela,-0.057910
2018-01,mela,-0.057910
2018-02,mela,-0.057910
2018-03,mela,-0.057910
2018-04,mela,-0.057910
2018-05,mela,-0.057910
2018-06,mela,-0.057910
2018-07,mela,-0.057910
2018-08,mela,-0.057910
2018-09,mela,-0.057910
2018-10,mela,-0.057910
2018-11,mela,-0.057910
2018-12,mela,-0.057910
2019-01,mela,-0.057917
2019-02,mela,-0.057917
2019-03,mela,-0.057917
2019-04,mela,-0.057917
2019-05,mela,-0.057917
2019-06,mela,-0.057917
2019-07,mela,-0.057917
2019-08,mela,-0.057917
2019-09,mela,-0.057917
2019-10,mela,-0.057917
2019-11,mela,-0.057917
2019-12,mela,-0.057917
2002-09,omus,-0.039463
2002-10,omus,-0.021195
2002-11,omus,-0.021195
2002-12,omus,-0.021195
2003-01,omus,-0.008514
2003-02,omus,-0.019195
2003-03,omus,-0.009089
2003-04,omus,-0.009089
2003-05,omus,-0.019696
2003-06,omus,-0.019696
2003-07,omus,-0.008524
2003-08,omus,-0.008524
2003-09,omus,-0.021800
2003-10,omus,-0.021800
2003-11,omus,-0.029435
2003-12,omus,-0.031720
2004-01,omus,-0.021540
2004-02,omus,-0.021488
2004-03,omus,-0.028202
2004-04,omus,-0.028202
2004-05,omus,-0.032600
2004-06,omus,-0.032600
2004-07,omus,-0.025997
2004-08,omus,-0.025997
2004-09,omus,-0.024034
2004-10,omus,-0.031208
2004-11,omus,-0.031208
2004-12,omus,-0.031208
2005-01,omus,-0.023293
2005-02,omus,-0.023293
2005-03,omus,-0.008300
2005-04,omus,-0.008279
2005-05,omus,-0.011776
2005-06,omus,-0.011776
2005-07,omus,-0.011776
2005-08,omus,-0.011776
2005-09,omus,-0.011776
2005-10,omus,-0.024561
2005-11,omus,-0.024561
2005-12,omus,-0.024561
2006-01,omus,-0.023293
2006-02,omus,-0.023293
2006-03,omus,-0.023092
2006-04,omus,-0.023092
2006-05,omus,-0.023092
2006-06,omus,-0.023092
2006-07,omus,-0.008294
2006-08,omus,-0.008294
2006-09,omus,-0.015721
2006-10,omus,-0.015721
2006-11,omus,-0.022873
2006-12,omus,-0.022873
2007-01,omus,-0.024407
2007-02,omus,-0.024407
2007-03,omus,-0.020863
2007-04,omus,-0.024709
2007-05,omus,-0.024709
2007-06,omus,-0.024709
2007-07,omus,-0.024709
2007-08,omus,-0.025097
2007-09,omus,-0.025653
2007-10,omus,-0.023554
2007-11,omus,-0.023516
2007-12,omus,-0.023516
2008-01,omus,-0.027236
2008-02,omus,-0.027236
2008-03,omus,-0.027167
2008-04,omus,-0.027167
2008-05,omus,-0.027284
2008-06,omus,-0.027284
2008-07,omus,-0.027249
2008-08,omus,-0.027249
2008-09,omus,-0.027363
2008-10,omus,-0.024789
2008-11,omus,-0.027236
2008-12,omus,-0.027236
2009-01,omus,-0.027237
2009-02,omus,-0.027237
2009-03,omus,-0.026390
2009-04,omus,-0.024465
2009-05,omus,-0.023702
2009-06,omus,-0.023702
2009-07,omus,-0.014002
2009-08,omus,-0.014002
2009-09,omus,-0.024465
2009-10,omus,-0.024465
2009-11,omus,-0.024465
2009-12,omus,-0.024465
2010-01,omus,-0.026390
2010-02,omus,-0.026390
2010-03,omus,-0.024465
2010-04,omus,-0.024465
2010-05,omus,-0.023702
2010-06,omus,-0.023702
2010-07,omus,-0.014002
2010-08,omus,-0.014002
2010-09,omus,-0.024465
2010-10,omus,-0.024465
2010-11,omus,-0.026390
2010-12,omus,-0.022022
2011-01,omus,-0.026390
2011-02,omus,-0.026390
2011-03,omus,-0.024465
2011-04,omus,-0.024465
2011-05,omus,-0.023746
2011-06,omus,-0.023746
2011-07,omus,-0.013923
2011-08,omus,-0.013923
2011-09,omus,-0.023757
2011-10,omus,-0.023757
2011-11,omus,-0.025753
2011-12,omus,-0.025753
2012-01,omus,-0.026399
2012-02,omus,-0.026399
2012-03,omus,-0.023757
2012-04,omus,-0.023757
2012-05,omus,-0.013923
2012-06,omus,-0.013923
2012-07,omus,-0.013923
2012-08,omus,-0.013923
2012-09,omus,-0.013944
2012-10,omus,-0.013944
2012-11,omus,-0.025753
2012-12,omus,-0.025753
2013-01,omus,-0.026457
2013-02,omus,-0.026457
2013-03,omus,-0.023820
2013-04,omus,-0.023820
2013-05,omus,-0.013992
2013-06,omus,-0.013992
2013-07,omus,-0.013992
2013-08,omus,-0.013992
2013-09,omus,-0.014013
2013-10,omus,-0.014013
2013-11,omus,-0.025809
2013-12,omus,-0.025809
2014-01,omus,-0.016553
2014-02,omus,-0.016553
2014-03,omus,-0.014013
2014-04,omus,-0.014013
2014-05,omus,-0.013992
2014-06,omus,-0.013992
2014-07,omus,-0.013992
2014-08,omus,-0.013992
2014-09,omus,-0.014013
2014-10,omus,-0.014013
2014-11,omus,-0.016553
2014-12,omus,-0.016553
2015-01,omus,-0.016553
2015-02,omus,-0.016553
2015-03,omus,-0.016556
2015-04,omus,-0.016556
2015-05,omus,-0.016536
2015-06,omus,-0.016536
2015-07,omus,-0.016536
2015-08,omus,-0.016536
2015-09,omus,-0.016556
2015-10,omus,-0.016556
2015-11,omus,-0.016556
2015-12,omus,-0.016556
2016-01,omus,-0.016556
2016-02,omus,-0.016556
2016-03,omus,-0.016556
2016-04,omus,-0.016556
2016-05,omus,-0.016536
2016-06,omus,-0.016536
2016-07,omus,-0.016536
2016-08,omus,-0.016536
2016-09,omus,-0.016556
2016-10,omus,-0.016556
2016-11,omus,-0.016556
2016-12,omus,-0.016556
2017-01,omus,-0.012753
2017-02,omus,-0.013767
2017-03,omus,-0.013767
2017-04,omus,-0.013767
2017-05,omus,-0.013767
2017-06,omus,-0.013767
2017-07,omus,-0.013767
2017-08,omus,-0.013767
2017-09,omus,-0.013767
2017-10,omus,-0.013767
2017-11,omus,-0.013767
2017-12,omus,-0.013767
2018-01,omus,-0.013767
2018-02,omus,-0.013767
2018-03,omus,-0.013767
2018-04,omus,-0.013767
2018-05,omus,-0.013767
2018-06,omus,-0.013767
2018-07,omus,-0.013767
2018-08,omus,-0.013767
2018-09,omus,-0.013767
2018-10,omus,-0.013767
2018-11,omus,-0.013767
2018-12,omus,-0.013767
2019-01,omus,-0.013710
2019-02,omus,-0.013710
2019-03,omus,-0.013710
2019-04,omus,-0.013710
2019-05,omus,-0.013710
2019-06,omus,-0.013710
2019-07,omus,-0.013710
2019-08,omus,-0.013710
2019-09,omus,-0.013710
2019-10,omus,-0.013710
2019-11,omus,-0.013710
2019-12,omus,-0.013710
2002-09,ctus,0.010208
2002-10,ctus,0.064226
2002-11,ctus,0.064226
2002-12,ctus,0.064226
2003-01,ctus,0.020268
2003-02,ctus,0.016892
2003-03,ctus,0.026499
2003-04,ctus,0.026499
2003-05,ctus,-0.005492
2003-06,ctus,-0.005492
2003-07,ctus,-0.001168
2003-08,ctus,-0.001168
2003-09,ctus,-0.004866
2003-10,ctus,-0.004866
2003-11,ctus,-0.008198
2003-12,ctus,-0.010230
2004-01,ctus,0.000829
2004-02,ctus,0.000812
2004-03,ctus,-0.003892
2004-04,ctus,-0.003892
2004-05,ctus,-0.013561
2004-06,ctus,-0.013561
2004-07,ctus,-0.011854
2004-08,ctus,-0.011854
2004-09,ctus,-0.012327
2004-10,ctus,0.001887
2004-11,ctus,0.001887
2004-12,ctus,0.001887
2005-01,ctus,-0.001501
2005-02,ctus,-0.001501
2005-03,ctus,0.013083
2005-04,ctus,0.013093
2005-05,ctus,0.012352
2005-06,ctus,0.012352
2005-07,ctus,0.012352
2005-08,ctus,0.012352
2005-09,ctus,0.012352
2005-10,ctus,0.002061
2005-11,ctus,0.002061
2005-12,ctus,0.002061
2006-01,ctus,-0.001503
2006-02,ctus,-0.001503
2006-03,ctus,0.002256
2006-04,ctus,0.002256
2006-05,ctus,0.002256
2006-06,ctus,0.002256
2006-07,ctus,0.041496
2006-08,ctus,0.041496
2006-09,ctus,0.025819
2006-10,ctus,0.025819
2006-11,ctus,0.015446
2006-12,ctus,0.015446
2007-01,ctus,0.017795
2007-02,ctus,0.017795
2007-03,ctus,0.024993
2007-04,ctus,-0.002258
2007-05,ctus,-0.002258
2007-06,ctus,-0.002258
2007-07,ctus,-0.002258
2007-08,ctus,-0.000331
2007-09,ctus,0.001388
2007-10,ctus,0.002314
2007-11,ctus,0.000346
2007-12,ctus,0.000346
2008-01,ctus,-0.000926
2008-02,ctus,-0.000926
2008-03,ctus,0.000197
2008-04,ctus,0.000197
2008-05,ctus,-0.002498
2008-06,ctus,-0.002498
2008-07,ctus,-0.002641
2008-08,ctus,-0.002641
2008-09,ctus,-0.002161
2008-10,ctus,-0.000115
2008-11,ctus,-0.000926
2008-12,ctus,-0.000926
2009-01,ctus,-0.000926
2009-02,ctus,-0.000926
2009-03,ctus,-0.000251
2009-04,ctus,0.002371
2009-05,ctus,0.000040
2009-06,ctus,0.000040
2009-07,ctus,0.008104
2009-08,ctus,0.008104
2009-09,ctus,0.002371
2009-10,ctus,0.002371
2009-11,ctus,0.002371
2009-12,ctus,0.002371
2010-01,ctus,-0.000251
2010-02,ctus,-0.000251
2010-03,ctus,0.002371
2010-04,ctus,0.002371
2010-05,ctus,0.000040
2010-06,ctus,0.000040
2010-07,ctus,0.008104
2010-08,ctus,0.008104
2010-09,ctus,0.002371
2010-10,ctus,0.002371
2010-11,ctus,-0.000251
2010-12,ctus,0.023957
2011-01,ctus,-0.000251
2011-02,ctus,-0.000251
2011-03,ctus,0.002371
2011-04,ctus,0.002371
2011-05,ctus,0.000011
2011-06,ctus,0.000011
2011-07,ctus,0.008200
2011-08,ctus,0.008200
2011-09,ctus,0.000046
2011-10,ctus,0.000046
2011-11,ctus,-0.002503
2011-12,ctus,-0.002503
2012-01,ctus,-0.000308
2012-02,ctus,-0.000308
2012-03,ctus,0.000046
2012-04,ctus,0.000046
2012-05,ctus,0.008200
2012-06,ctus,0.008200
2012-07,ctus,0.008200
2012-08,ctus,0.008200
2012-09,ctus,0.008246
2012-10,ctus,0.008246
2012-11,ctus,-0.002503
2012-12,ctus,-0.002503
2013-01,ctus,-0.000333
2013-02,ctus,-0.000333
2013-03,ctus,-0.000131
2013-04,ctus,-0.000131
2013-05,ctus,0.007961
2013-06,ctus,0.007961
2013-07,ctus,0.007961
2013-08,ctus,0.007961
2013-09,ctus,0.008007
2013-10,ctus,0.008007
2013-11,ctus,-0.002542
2013-12,ctus,-0.002542
2014-01,ctus,0.004783
2014-02,ctus,0.004783
2014-03,ctus,0.008007
2014-04,ctus,0.008007
2014-05,ctus,0.007961
2014-06,ctus,0.007961
2014-07,ctus,0.007961
2014-08,ctus,0.007961
2014-09,ctus,0.008007
2014-10,ctus,0.008007
2014-11,ctus,0.004783
2014-12,ctus,0.004783
2015-01,ctus,0.004783
2015-02,ctus,0.004783
2015-03,ctus,0.004456
2015-04,ctus,0.004456
2015-05,ctus,0.004405
2015-06,ctus,0.004405
2015-07,ctus,0.004405
2015-08,ctus,0.004405
2015-09,ctus,0.004456
2015-10,ctus,0.004456
2015-11,ctus,0.004456
2015-12,ctus,0.004456
2016-01,ctus,0.004456
2016-02,ctus,0.004456
2016-03,ctus,0.004456
2016-04,ctus,0.004456
2016-05,ctus,0.004405
2016-06,ctus,0.004405
2016-07,ctus,0.004405
2016-08,ctus,0.004405
2016-09,ctus,0.004456
2016-10,ctus,0.004456
2016-11,ctus,0.004456
2016-12,ctus,0.004456
2017-01,ctus,0.005396
2017-02,ctus,0.005268
2017-03,ctus,0.005268
2017-04,ctus,0.005268
2017-05,ctus,0.005268
2017-06,ctus,0.005268
2017-07,ctus,0.005268
2017-08,ctus,0.005268
2017-09,ctus,0.005268
2017-10,ctus,0.005268
2017-11,ctus,0.005268
2017-12,ctus,0.005268
2018-01,ctus,0.005268
2018-02,ctus,0.005268
2018-03,ctus,0.005268
2018-04,ctus,0.005268
2018-05,ctus,0.005268
2018-06,ctus,0.005268
2018-07,ctus,0.005268
2018-08,ctus,0.005268
2018-09,ctus,0.005268
2018-10,ctus,0.005268
2018-11,ctus,0.005268
2018-12,ctus,0.005268
2019-01,ctus,0.005270
2019-02,ctus,0.005270
2019-03,ctus,0.005270
2019-04,ctus,0.005270
2019-05,ctus,0.005270
2019-06,ctus,0.005270
2019-07,ctus,0.005270
2019-08,ctus,0.005270
2019-09,ctus,0.005270
2019-10,ctus,0.005270
2019-11,ctus,0.005270
2019-12,ctus,0.005270
2002-09,myst,-0.035477
2002-10,myst,-0.036715
2002-11,myst,-0.036715
2002-12,myst,-0.036715
2003-01,myst,-0.027110
2003-02,myst,-0.027124
2003-03,myst,-0.026744
2003-04,myst,-0.026744
2003-05,myst,-0.031252
2003-06,myst,-0.031252
2003-07,myst,-0.028317
2003-08,myst,-0.028317
2003-09,myst,-0.031002
2003-10,myst,-0.031002
2003-11,myst,0.002250
2003-12,myst,0.002221
2004-01,myst,-0.036042
2004-02,myst,-0.036043
2004-03,myst,-0.036339
2004-04,myst,-0.036339
2004-05,myst,-0.029621
2004-06,myst,-0.029621
2004-07,myst,-0.024617
2004-08,myst,-0.024617
2004-09,myst,-0.034483
2004-10,myst,0.001677
2004-11,myst,0.001677
2004-12,myst,0.001677
2005-01,myst,-0.034432
2005-02,myst,-0.034432
2005-03,myst,-0.018626
2005-04,myst,-0.018777
2005-05,myst,-0.018774
2005-06,myst,-0.018774
2005-07,myst,-0.018774
2005-08,myst,-0.018774
2005-09,myst,-0.018774
2005-10,myst,-0.010473
2005-11,myst,-0.010473
2005-12,myst,-0.010473
2006-01,myst,-0.034498
2006-02,myst,-0.034498
2006-03,myst,-0.024601
2006-04,myst,-0.024601
2006-05,myst,-0.024601
2006-06,myst,-0.024601
2006-07,myst,-0.018777
2006-08,myst,-0.018777
2006-09,myst,-0.024603
2006-10,myst,-0.024603
2006-11,myst,-0.034490
2006-12,myst,-0.034490
2007-01,myst,-0.024684
2007-02,myst,-0.024684
2007-03,myst,-0.024696
2007-04,myst,-0.027202
2007-05,myst,-0.027202
2007-06,myst,-0.027202
2007-07,myst,-0.027202
2007-08,myst,-0.027202
2007-09,myst,-0.027202
2007-10,myst,-0.024696
2007-11,myst,-0.024697
2007-12,myst,-0.024697
2008-01,myst,-0.027202
2008-02,myst,-0.027202
2008-03,myst,-0.027202
2008-04,myst,-0.027202
2008-05,myst,-0.028495
2008-06,myst,-0.028495
2008-07,myst,-0.028495
2008-08,myst,-0.028495
2008-09,myst,-0.028495
2008-10,myst,-0.027202
2008-11,myst,-0.027202
2008-12,myst,-0.027202
2009-01,myst,-0.027202
2009-02,myst,-0.027202
2009-03,myst,-0.024695
2009-04,myst,-0.024695
2009-05,myst,-0.024695
2009-06,myst,-0.024695
2009-07,myst,-0.018817
2009-08,myst,-0.018817
2009-09,myst,-0.024695
2009-10,myst,-0.024695
2009-11,myst,-0.024695
2009-12,myst,-0.024695
2010-01,myst,-0.024695
2010-02,myst,-0.024695
2010-03,myst,-0.024695
2010-04,myst,-0.024695
2010-05,myst,-0.024695
2010-06,myst,-0.024695
2010-07,myst,-0.018817
2010-08,myst,-0.018817
2010-09,myst,-0.024695
2010-10,myst,-0.024695
2010-11,myst,-0.024695
2010-12,myst,-0.024695
2011-01,myst,-0.024695
2011-02,myst,-0.024695
2011-03,myst,-0.024695
2011-04,myst,-0.024695
2011-05,myst,-0.024695
2011-06,myst,-0.024695
2011-07,myst,-0.018485
2011-08,myst,-0.018485
2011-09,myst,-0.024695
2011-10,myst,-0.024695
2011-11,myst,-0.024695
2011-12,myst,-0.024695
2012-01,myst,-0.024695
2012-02,myst,-0.024695
2012-03,myst,-0.024695
2012-04,myst,-0.024695
2012-05,myst,-0.018485
2012-06,myst,-0.018485
2012-07,myst,-0.018485
2012-08,myst,-0.018485
2012-09,myst,-0.018485
2012-10,myst,-0.018485
2012-11,myst,-0.024695
2012-12,myst,-0.024695
2013-01,myst,-0.024695
2013-02,myst,-0.024695
2013-03,myst,-0.024695
2013-04,myst,-0.024695
2013-05,myst,-0.018485
2013-06,myst,-0.018485
2013-07,myst,-0.018485
2013-08,myst,-0.018485
2013-09,myst,-0.018485
2013-10,myst,-0.018485
2013-11,myst,-0.024695
2013-12,myst,-0.024695
2014-01,myst,-0.018485
2014-02,myst,-0.018485
2014-03,myst,-0.018485
2014-04,myst,-0.018485
2014-05,myst,-0.018485
2014-06,myst,-0.018485
2014-07,myst,-0.018485
2014-08,myst,-0.018485
2014-09,myst,-0.018485
2014-10,myst,-0.018485
2014-11,myst,-0.018485
2014-12,myst,-0.018485
2015-01,myst,-0.018485
2015-02,myst,-0.018485
2015-03,myst,-0.018496
2015-04,myst,-0.018496
2015-05,myst,-0.018496
2015-06,myst,-0.018496
2015-07,myst,-0.018496
2015-08,myst,-0.018496
2015-09,myst,-0.018496
2015-10,myst,-0.018496
2015-11,myst,-0.018496
2015-12,myst,-0.018496
2016-01,myst,-0.018496
2016-02,myst,-0.018496
2016-03,myst,-0.018496
2016-04,myst,-0.018496
2016-05,myst,-0.018496
2016-06,myst,-0.018496
2016-07,myst,-0.018496
2016-08,myst,-0.018496
2016-09,myst,-0.018496
2016-10,myst,-0.018496
2016-11,myst,-0.018496
2016-12,myst,-0.018496
2017-01,myst,-0.018496
2017-02,myst,-0.018490
2017-03,myst,-0.018490
2017-04,myst,-0.018490
2017-05,myst,-0.018490
2017-06,myst,-0.018490
2017-07,myst,-0.018490
2017-08,myst,-0.018490
2017-09,myst,-0.018490
2017-10,myst,-0.018490
2017-11,myst,-0.018490
2017-12,myst,-0.018490
2018-01,myst,-0.018490
2018-02,myst,-0.018490
2018-03,myst,-0.018490
2018-04,myst,-0.018490
2018-05,myst,-0.018490
2018-06,myst,-0.018490
2018-07,myst,-0.018490
2018-08,myst,-0.018490
2018-09,myst,-0.018490
2018-10,myst,-0.018490
2018-11,myst,-0.018490
2018-12,myst,-0.018490
2019-01,myst,-0.018469
2019-02,myst,-0.018469
2019-03,myst,-0.018469
2019-04,myst,-0.018469
2019-05,myst,-0.018469
2019-06,myst,-0.018469
2019-07,myst,-0.018469
2019-08,myst,-0.018469
2019-09,myst,-0.018469
2019-10,myst,-0.018469
2019-11,myst,-0.018469
2019-12,myst,-0.018469