Closure_ID,year,mean_pauc,mean_pinn,mean_levi,mean_cram,mean_alut,mean_ento,mean_rube,mean_auro,mean_rufu,mean_mela,mean_omus,mean_ctus,mean_myst,mean_auri,mean_guta,mean_good,mean_nebu,mean_caur,mean_diac,mean_carn,mean_chlo,mean_elon,mean_alti,mean_zace,mean_jord,mean_dipl,mean_cons,mean_saxi,mean_mini,mean_flav
2002-09,2002,0.068365661820,0.000353934240,0.005260097909,0.195412836862,0.015247341876,0.088587110484,0.141607372432,0.119466575812,0.045447121122,0.103207229708,0.011504403668,0.028736809467,0.001400396945,0.047959155544,0.000000000000,0.080137086740,0.156963546618,0.140873785255,0.051763695092,0.017583462406,0.003470054213,0.211888253017,0.116239733936,0.108677235756,0.020653520226,0.276519885011,0.000628871497,0.093546370406,0.046400922780,0.142532235668
2002-10,2002,0.038191232994,0.000286036938,0.006783605167,0.347916005040,0.039349613119,0.094677463956,0.081959662464,0.314157206947,0.048001651192,0.012098695787,0.029772123372,0.082755396133,0.000162442751,0.015066454444,0.000000000000,0.117643424349,0.028758719971,0.017888657708,0.001624096936,0.021886979290,0.003061446222,0.275324528546,0.144395260197,0.276636170284,0.028681642460,0.612853725138,0.000340512286,0.205209552659,0.006818583652,0.073386746263
2002-11,2002,0.038191232994,0.000286036938,0.006783605167,0.347916005040,0.039349613119,0.094677463956,0.081959662464,0.314157206947,0.048001651192,0.012098695787,0.029772123372,0.082755396133,0.000162442751,0.015066454444,0.000000000000,0.117643424349,0.028758719971,0.017888657708,0.001624096936,0.021886979290,0.003061446222,0.275324528546,0.144395260197,0.276636170284,0.028681642460,0.612853725138,0.000340512286,0.205209552659,0.006818583652,0.073386746263
2002-12,2002,0.038191232994,0.000286036938,0.006783605167,0.347916005040,0.039349613119,0.094677463956,0.081959662464,0.314157206947,0.048001651192,0.012098695787,0.029772123372,0.082755396133,0.000162442751,0.015066454444,0.000000000000,0.117643424349,0.028758719971,0.017888657708,0.001624096936,0.021886979290,0.003061446222,0.275324528546,0.144395260197,0.276636170284,0.028681642460,0.612853725138,0.000340512286,0.205209552659,0.006818583652,0.073386746263
2003-01,2003,0.211074453183,0.027508170997,0.043674045058,0.243616545428,0.019532291226,0.049587723739,0.074972804262,0.212226520137,0.109637402952,0.008583982577,0.042452636188,0.038797646804,0.009767279129,0.223541515396,0.263480637838,0.414603597451,0.026483925471,0.069791439319,0.008622924416,0.080583151251,0.108408084975,0.123632487842,0.139745232875,0.172215072509,0.234407367879,0.453134339709,0.070939954210,0.167445441659,0.075500488782,0.074337103378
2003-02,2003,0.223987697347,0.030447058205,0.047032470028,0.250334060641,0.020948648163,0.052655909408,0.080697859247,0.184472951918,0.109206249853,0.008892276886,0.031772152318,0.035421001741,0.009754009634,0.226925040702,0.263289648464,0.411233339750,0.026703583284,0.073049087838,0.008624349673,0.081325914918,0.112037026916,0.133481313875,0.090979924223,0.176605101042,0.248384905164,0.454856608976,0.070916658816,0.172087744885,0.080438153436,0.079864123230
2003-03,2003,0.198596260117,0.023875181749,0.043326155948,0.257054744318,0.021192112062,0.050821856398,0.070038758568,0.229268040753,0.105412076598,0.007929249463,0.041878147158,0.045028072477,0.010133714517,0.213139557988,0.265310872884,0.406718210604,0.016580018959,0.063842759487,0.008264802420,0.086703414321,0.104458538000,0.130018594722,0.118853075367,0.177633557109,0.232297726555,0.484375799761,0.073160824930,0.168668965329,0.069100153247,0.069331376311
2003-04,2003,0.198596260117,0.023875181749,0.043326155948,0.257054744318,0.021192112062,0.050821856398,0.070038758568,0.229268040753,0.105412076598,0.007929249463,0.041878147158,0.045028072477,0.010133714517,0.213139557988,0.265310872884,0.406718210604,0.016580018959,0.063842759487,0.008264802420,0.086703414321,0.104458538000,0.130018594722,0.118853075367,0.177633557109,0.232297726555,0.484375799761,0.073160824930,0.168668965329,0.069100153247,0.069331376311
2003-05,2003,0.155305357124,0.014237959534,0.032041067271,0.256193039821,0.013446643770,0.092820440329,0.148310930983,0.121460678118,0.093121373547,0.038310235142,0.031270776984,0.013037734779,0.005625686512,0.129775695739,0.255579566066,0.269279541808,0.055568211779,0.095221256848,0.005849090592,0.078296482315,0.059950977851,0.218856094911,0.053496261040,0.138081074333,0.160549502491,0.313302440020,0.070092924620,0.142289217668,0.066887346480,0.145570461776
2003-06,2003,0.155305357124,0.014237959534,0.032041067271,0.256193039821,0.013446643770,0.092820440329,0.148310930983,0.121460678118,0.093121373547,0.038310235142,0.031270776984,0.013037734779,0.005625686512,0.129775695739,0.255579566066,0.269279541808,0.055568211779,0.095221256848,0.005849090592,0.078296482315,0.059950977851,0.218856094911,0.053496261040,0.138081074333,0.160549502491,0.313302440020,0.070092924620,0.142289217668,0.066887346480,0.145570461776
2003-07,2003,0.180816548902,0.019422779738,0.040855767317,0.288477360337,0.016632460384,0.087577702703,0.108805937220,0.165433296115,0.105889221180,0.012556455937,0.042443124723,0.017361397334,0.008560576754,0.161698411399,0.255579566066,0.341485121694,0.016796177463,0.063498434758,0.004518520403,0.086441093158,0.080933693916,0.210771895987,0.054543075169,0.174525645167,0.220159961456,0.417398721726,0.070372379960,0.181149177221,0.062803643092,0.106538053676
2003-08,2003,0.180816548902,0.019422779738,0.040855767317,0.288477360337,0.016632460384,0.087577702703,0.108805937220,0.165433296115,0.105889221180,0.012556455937,0.042443124723,0.017361397334,0.008560576754,0.161698411399,0.255579566066,0.341485121694,0.016796177463,0.063498434758,0.004518520403,0.086441093158,0.080933693916,0.210771895987,0.054543075169,0.174525645167,0.220159961456,0.417398721726,0.070372379960,0.181149177221,0.062803643092,0.106538053676
2003-09,2003,0.148669017385,0.015176229496,0.031024436994,0.261582067848,0.014064799056,0.099226314851,0.158114488206,0.122079990746,0.096231426936,0.040433785201,0.029167334530,0.013663244655,0.005875150708,0.118909532665,0.243386204199,0.254995112855,0.059280066290,0.095432732406,0.005849090592,0.075106120040,0.050921193465,0.234249374347,0.043567906503,0.147080561634,0.153479583095,0.312628846219,0.062184326885,0.151200705296,0.064847975184,0.154931020269
2003-10,2003,0.148669017385,0.015176229496,0.031024436994,0.261582067848,0.014064799056,0.099226314851,0.158114488206,0.122079990746,0.096231426936,0.040433785201,0.029167334530,0.013663244655,0.005875150708,0.118909532665,0.243386204199,0.254995112855,0.059280066290,0.095432732406,0.005849090592,0.075106120040,0.050921193465,0.234249374347,0.043567906503,0.147080561634,0.153479583095,0.312628846219,0.062184326885,0.151200705296,0.064847975184,0.154931020269
2003-11,2003,0.171121651062,0.021612996005,0.023630317589,0.151386691837,0.009344469252,0.060728441532,0.117405093337,0.101074150879,0.088158778089,0.070335468612,0.021532029750,0.010331427949,0.039127997161,0.173209399047,0.273682495438,0.212599392354,0.133684523633,0.147840464874,0.064964782919,0.096701525796,0.046538758159,0.133726687873,0.041463359901,0.091347492865,0.148211358448,0.275863864178,0.046117268989,0.089413093371,0.084254649058,0.121046455823
2003-12,2003,0.173906276003,0.022180826332,0.024053169604,0.148840739311,0.009062699489,0.061958189124,0.120161761534,0.086156536700,0.087095589688,0.071722757774,0.019246963442,0.008299668032,0.039098161032,0.174024726381,0.273840803317,0.210248373734,0.133695584048,0.150702047004,0.064935440514,0.096701724080,0.047341872473,0.135633571463,0.040135099303,0.088851705145,0.147056031203,0.255358599276,0.046505567296,0.088979925273,0.085972808563,0.123719021692
2004-01,2004,0.157051331939,0.012607729427,0.051780272780,0.352432105948,0.021994160767,0.126921133173,0.139729722364,0.143908959713,0.098749452311,0.014266194975,0.029426819545,0.019358530287,0.000835718297,0.086727593784,0.040679505625,0.278454108105,0.006084630584,0.042637840655,0.001353990289,0.011083558042,0.071785920935,0.315082717600,0.028779803452,0.238862902454,0.250916707695,0.424957833629,0.055528645938,0.255166432085,0.039304361828,0.135030563713
2004-02,2004,0.157606515109,0.012597327447,0.052079085569,0.352584464005,0.021978636627,0.126818668934,0.139628337159,0.143664264402,0.098732060803,0.014254339515,0.029478508912,0.019341264423,0.000834320482,0.086940568416,0.040486303277,0.278944172881,0.006075028829,0.042659907335,0.001353990289,0.011106793217,0.072294962205,0.314823880034,0.028741842083,0.238671827035,0.251243778964,0.424631104103,0.055595832892,0.254981715974,0.039377524679,0.134942294893
2004-03,2004,0.140946277486,0.009658259071,0.041564031871,0.324083699799,0.017110914932,0.132721229946,0.173239144005,0.109994151489,0.089852279086,0.033640195387,0.022765250233,0.014637629060,0.000538117846,0.079051575758,0.040544350079,0.233608790659,0.031513780320,0.074450270934,0.003723164754,0.010007698408,0.056032647872,0.321664704385,0.028360308646,0.187337654350,0.192686034648,0.327149909483,0.055399795292,0.204423527390,0.048813206586,0.168480384749
2004-04,2004,0.140946277486,0.009658259071,0.041564031871,0.324083699799,0.017110914932,0.132721229946,0.173239144005,0.109994151489,0.089852279086,0.033640195387,0.022765250233,0.014637629060,0.000538117846,0.079051575758,0.040544350079,0.233608790659,0.031513780320,0.074450270934,0.003723164754,0.010007698408,0.056032647872,0.321664704385,0.028360308646,0.187337654350,0.192686034648,0.327149909483,0.055399795292,0.204423527390,0.048813206586,0.168480384749
2004-05,2004,0.144994001986,0.004914448743,0.034448397684,0.298936157317,0.014882104996,0.141060965429,0.183111633158,0.072576398869,0.085750649735,0.037461003931,0.018366994673,0.004968078877,0.007256815933,0.093686441566,0.257170445707,0.210538897943,0.030553993605,0.093712103235,0.005457244330,0.087520122989,0.050378233974,0.336333496719,0.016351019208,0.170485002274,0.157539921766,0.278660429574,0.079188210950,0.191824993141,0.058573234687,0.178024246589
2004-06,2004,0.144994001986,0.004914448743,0.034448397684,0.298936157317,0.014882104996,0.141060965429,0.183111633158,0.072576398869,0.085750649735,0.037461003931,0.018366994673,0.004968078877,0.007256815933,0.093686441566,0.257170445707,0.210538897943,0.030553993605,0.093712103235,0.005457244330,0.087520122989,0.050378233974,0.336333496719,0.016351019208,0.170485002274,0.157539921766,0.278660429574,0.079188210950,0.191824993141,0.058573234687,0.178024246589
2004-07,2004,0.167646780101,0.006719354182,0.045290252526,0.322410993406,0.019659666828,0.137483550090,0.147588557460,0.099552999879,0.095464891707,0.016188562115,0.024970050734,0.006674755365,0.012260965428,0.108816629992,0.257170445707,0.252434585623,0.014395580461,0.064210291032,0.004595993015,0.088100593008,0.068089251018,0.333928462017,0.015769063143,0.224957515712,0.219871473918,0.381902763597,0.079687576273,0.248420332675,0.051609545424,0.142673312725
2004-08,2004,0.167646780101,0.006719354182,0.045290252526,0.322410993406,0.019659666828,0.137483550090,0.147588557460,0.099552999879,0.095464891707,0.016188562115,0.024970050734,0.006674755365,0.012260965428,0.108816629992,0.257170445707,0.252434585623,0.014395580461,0.064210291032,0.004595993015,0.088100593008,0.068089251018,0.333928462017,0.015769063143,0.224957515712,0.219871473918,0.381902763597,0.079687576273,0.248420332675,0.051609545424,0.142673312725
2004-09,2004,0.179837280872,0.015585658972,0.059583502235,0.346542480404,0.018729645712,0.137304414201,0.157565703457,0.095489354306,0.105043893707,0.016243370854,0.026932540684,0.006201976969,0.002394119777,0.095336898865,0.040622173527,0.289770825001,0.021140451150,0.050009049520,0.004018751358,0.023601367412,0.081975350040,0.327839696440,0.015114163148,0.225927124455,0.283500030711,0.357850538044,0.055653827731,0.269934652973,0.046531522623,0.152938492226
2004-10,2004,0.168659985822,0.020687023695,0.022889458886,0.156667180733,0.010602259056,0.059901489332,0.114605635095,0.115014722767,0.082766316550,0.070543633221,0.019758515344,0.020416673870,0.038554913960,0.176036944719,0.278788029844,0.210979317332,0.133076613965,0.147591330059,0.064907346117,0.096134998427,0.048396789528,0.134835269078,0.095860541496,0.089740641597,0.134056440691,0.270349455725,0.049292452947,0.088242821843,0.083447799226,0.118164484697
2004-11,2004,0.168659985822,0.020687023695,0.022889458886,0.156667180733,0.010602259056,0.059901489332,0.114605635095,0.115014722767,0.082766316550,0.070543633221,0.019758515344,0.020416673870,0.038554913960,0.176036944719,0.278788029844,0.210979317332,0.133076613965,0.147591330059,0.064907346117,0.096134998427,0.048396789528,0.134835269078,0.095860541496,0.089740641597,0.134056440691,0.270349455725,0.049292452947,0.088242821843,0.083447799226,0.118164484697
2004-12,2004,0.168659985822,0.020687023695,0.022889458886,0.156667180733,0.010602259056,0.059901489332,0.114605635095,0.115014722767,0.082766316550,0.070543633221,0.019758515344,0.020416673870,0.038554913960,0.176036944719,0.278788029844,0.210979317332,0.133076613965,0.147591330059,0.064907346117,0.096134998427,0.048396789528,0.134835269078,0.095860541496,0.089740641597,0.134056440691,0.270349455725,0.049292452947,0.088242821843,0.083447799226,0.118164484697
2005-01,2005,0.162096242290,0.013461132746,0.053113490499,0.350022046815,0.021737102700,0.128384464704,0.142978782583,0.134601632372,0.099304581506,0.014892883969,0.027673769285,0.017028382221,0.002445685580,0.090078610325,0.041437999323,0.279670236662,0.021009420408,0.045278556192,0.004036502295,0.024569544823,0.074165293002,0.318372901608,0.025816269800,0.236360586482,0.254678775165,0.414506898956,0.056860435835,0.255195133448,0.041906414414,0.138538428967
2005-02,2005,0.162096242290,0.013461132746,0.053113490499,0.350022046815,0.021737102700,0.128384464704,0.142978782583,0.134601632372,0.099304581506,0.014892883969,0.027673769285,0.017028382221,0.002445685580,0.090078610325,0.041437999323,0.279670236662,0.021009420408,0.045278556192,0.004036502295,0.024569544823,0.074165293002,0.318372901608,0.025816269800,0.236360586482,0.254678775165,0.414506898956,0.056860435835,0.255195133448,0.041906414414,0.138538428967
2005-03,2005,0.178216463662,0.008115087917,0.048229199600,0.291728913200,0.027772743672,0.073618384228,0.071444246018,0.234557040788,0.113293583774,0.006263510966,0.042666469454,0.031612562713,0.018251683322,0.135697906242,0.257070128534,0.333327774478,0.016053561334,0.049533838418,0.024823640272,0.088239582396,0.082926077966,0.197162893608,0.038197183758,0.285046856649,0.271151685725,0.655498712901,0.077918665988,0.241645710783,0.050388242997,0.069238718869
2005-04,2005,0.178088706036,0.008110173404,0.048209945539,0.291783051306,0.027765236469,0.073652667636,0.071476402265,0.234636218712,0.113246420784,0.006268132744,0.042687907992,0.031622443200,0.018100317781,0.135558171491,0.257158634705,0.333220673949,0.016032731492,0.049498456990,0.024702206375,0.088206963815,0.082888905407,0.197310668638,0.038318683939,0.284999973172,0.271032458004,0.655296796270,0.077898670975,0.241569246483,0.050327452785,0.069264890351
2005-05,2005,0.182439540667,0.008312219176,0.049641811644,0.288838321762,0.028399809359,0.075394309754,0.073320844088,0.221488248116,0.110275963759,0.006434995256,0.039191357697,0.030881286597,0.018103939157,0.138158601506,0.257158634705,0.328279678435,0.016032731492,0.051028704209,0.024720079865,0.088206963815,0.085538741137,0.202912109938,0.037273356311,0.283466211776,0.271863933810,0.645885577509,0.079780641991,0.240828287335,0.051838513476,0.071075760245
2005-06,2005,0.182439540667,0.008312219176,0.049641811644,0.288838321762,0.028399809359,0.075394309754,0.073320844088,0.221488248116,0.110275963759,0.006434995256,0.039191357697,0.030881286597,0.018103939157,0.138158601506,0.257158634705,0.328279678435,0.016032731492,0.051028704209,0.024720079865,0.088206963815,0.085538741137,0.202912109938,0.037273356311,0.283466211776,0.271863933810,0.645885577509,0.079780641991,0.240828287335,0.051838513476,0.071075760245
2005-07,2005,0.182439540667,0.008312219176,0.049641811644,0.288838321762,0.028399809359,0.075394309754,0.073320844088,0.221488248116,0.110275963759,0.006434995256,0.039191357697,0.030881286597,0.018103939157,0.138158601506,0.257158634705,0.328279678435,0.016032731492,0.051028704209,0.024720079865,0.088206963815,0.085538741137,0.202912109938,0.037273356311,0.283466211776,0.271863933810,0.645885577509,0.079780641991,0.240828287335,0.051838513476,0.071075760245
2005-08,2005,0.182439540667,0.008312219176,0.049641811644,0.288838321762,0.028399809359,0.075394309754,0.073320844088,0.221488248116,0.110275963759,0.006434995256,0.039191357697,0.030881286597,0.018103939157,0.138158601506,0.257158634705,0.328279678435,0.016032731492,0.051028704209,0.024720079865,0.088206963815,0.085538741137,0.202912109938,0.037273356311,0.283466211776,0.271863933810,0.645885577509,0.079780641991,0.240828287335,0.051838513476,0.071075760245
2005-09,2005,0.182439540667,0.008312219176,0.049641811644,0.288838321762,0.028399809359,0.075394309754,0.073320844088,0.221488248116,0.110275963759,0.006434995256,0.039191357697,0.030881286597,0.018103939157,0.138158601506,0.257158634705,0.328279678435,0.016032731492,0.051028704209,0.024720079865,0.088206963815,0.085538741137,0.202912109938,0.037273356311,0.283466211776,0.271863933810,0.645885577509,0.079780641991,0.240828287335,0.051838513476,0.071075760245
2005-10,2005,0.151680271796,0.020228727104,0.023696567435,0.167353875706,0.011190212463,0.062465364948,0.119602297656,0.132589359783,0.084190394885,0.074786784244,0.026405717543,0.020589945835,0.026405000087,0.145130414284,0.102398716007,0.214705475834,0.153226325744,0.137910448236,0.066837620119,0.078923126203,0.044570393939,0.143474008459,0.093643750658,0.095915264913,0.139925757897,0.298548049010,0.040661445867,0.093412831218,0.074938791579,0.123366669674
2005-11,2005,0.151680271796,0.020228727104,0.023696567435,0.167353875706,0.011190212463,0.062465364948,0.119602297656,0.132589359783,0.084190394885,0.074786784244,0.026405717543,0.020589945835,0.026405000087,0.145130414284,0.102398716007,0.214705475834,0.153226325744,0.137910448236,0.066837620119,0.078923126203,0.044570393939,0.143474008459,0.093643750658,0.095915264913,0.139925757897,0.298548049010,0.040661445867,0.093412831218,0.074938791579,0.123366669674
2005-12,2005,0.151680271796,0.020228727104,0.023696567435,0.167353875706,0.011190212463,0.062465364948,0.119602297656,0.132589359783,0.084190394885,0.074786784244,0.026405717543,0.020589945835,0.026405000087,0.145130414284,0.102398716007,0.214705475834,0.153226325744,0.137910448236,0.066837620119,0.078923126203,0.044570393939,0.143474008459,0.093643750658,0.095915264913,0.139925757897,0.298548049010,0.040661445867,0.093412831218,0.074938791579,0.123366669674
2006-01,2006,0.162112441268,0.013465456301,0.053122634637,0.350030314050,0.021736153158,0.128376777102,0.142984241931,0.134611386861,0.099318507070,0.014891652095,0.027674084958,0.017026615492,0.002379573229,0.090081079673,0.041419720443,0.279713162115,0.020997114679,0.045274970520,0.004032316697,0.023368978605,0.074194130359,0.318353217218,0.025814361384,0.236368961002,0.254738228018,0.414489782416,0.056878553146,0.255193752753,0.041905485766,0.138544331255
2006-02,2006,0.162112441268,0.013465456301,0.053122634637,0.350030314050,0.021736153158,0.128376777102,0.142984241931,0.134611386861,0.099318507070,0.014891652095,0.027674084958,0.017026615492,0.002379573229,0.090081079673,0.041419720443,0.279713162115,0.020997114679,0.045274970520,0.004032316697,0.023368978605,0.074194130359,0.318353217218,0.025814361384,0.236368961002,0.254738228018,0.414489782416,0.056878553146,0.255193752753,0.041905485766,0.138544331255
2006-03,2006,0.147366300259,0.005687669643,0.038905799141,0.330635227511,0.022947947975,0.126421447842,0.131047298416,0.151696934879,0.091542679439,0.014500165557,0.027874975014,0.020785247315,0.012276354452,0.101373919861,0.257158634705,0.244491551916,0.014380452364,0.056362177238,0.004593879635,0.088088855482,0.059394725647,0.319456494320,0.030556213090,0.238135663675,0.191250734186,0.452536808909,0.079438391865,0.235073747182,0.045027866109,0.126421880729
2006-04,2006,0.147366300259,0.005687669643,0.038905799141,0.330635227511,0.022947947975,0.126421447842,0.131047298416,0.151696934879,0.091542679439,0.014500165557,0.027874975014,0.020785247315,0.012276354452,0.101373919861,0.257158634705,0.244491551916,0.014380452364,0.056362177238,0.004593879635,0.088088855482,0.059394725647,0.319456494320,0.030556213090,0.238135663675,0.191250734186,0.452536808909,0.079438391865,0.235073747182,0.045027866109,0.126421880729
2006-05,2006,0.147366300259,0.005687669643,0.038905799141,0.330635227511,0.022947947975,0.126421447842,0.131047298416,0.151696934879,0.091542679439,0.014500165557,0.027874975014,0.020785247315,0.012276354452,0.101373919861,0.257158634705,0.244491551916,0.014380452364,0.056362177238,0.004593879635,0.088088855482,0.059394725647,0.319456494320,0.030556213090,0.238135663675,0.191250734186,0.452536808909,0.079438391865,0.235073747182,0.045027866109,0.126421880729
2006-06,2006,0.147366300259,0.005687669643,0.038905799141,0.330635227511,0.022947947975,0.126421447842,0.131047298416,0.151696934879,0.091542679439,0.014500165557,0.027874975014,0.020785247315,0.012276354452,0.101373919861,0.257158634705,0.244491551916,0.014380452364,0.056362177238,0.004593879635,0.088088855482,0.059394725647,0.319456494320,0.030556213090,0.238135663675,0.191250734186,0.452536808909,0.079438391865,0.235073747182,0.045027866109,0.126421880729
2006-07,2006,0.144290059913,0.006374236448,0.038286374028,0.275724168917,0.028913229465,0.061635800964,0.058326697090,0.287760828897,0.095288335240,0.005963665654,0.042673114690,0.060024936678,0.018100317781,0.134071051829,0.257158634705,0.330919691282,0.016028790997,0.043277084483,0.024687163503,0.088206963815,0.075911319183,0.177036431695,0.107581706526,0.239897755406,0.214058453143,0.617801982895,0.077879054282,0.197402395504,0.040853246770,0.056619499945
2006-08,2006,0.144290059913,0.006374236448,0.038286374028,0.275724168917,0.028913229465,0.061635800964,0.058326697090,0.287760828897,0.095288335240,0.005963665654,0.042673114690,0.060024936678,0.018100317781,0.134071051829,0.257158634705,0.330919691282,0.016028790997,0.043277084483,0.024687163503,0.088206963815,0.075911319183,0.177036431695,0.107581706526,0.239897755406,0.214058453143,0.617801982895,0.077879054282,0.197402395504,0.040853246770,0.056619499945
2006-09,2006,0.122945909610,0.004635302554,0.031531010941,0.310205017442,0.023861423211,0.105425297028,0.108342572718,0.219220368208,0.083005529306,0.013562671084,0.035245446880,0.044347798653,0.012274709082,0.099402826735,0.257158634705,0.248017414945,0.014377675077,0.049676369026,0.004593206980,0.088088855482,0.054452020696,0.274899326638,0.101794670824,0.210204555043,0.160786552671,0.465270186660,0.077514092431,0.200603027048,0.037418155201,0.104620129358
2006-10,2006,0.122945909610,0.004635302554,0.031531010941,0.310205017442,0.023861423211,0.105425297028,0.108342572718,0.219220368208,0.083005529306,0.013562671084,0.035245446880,0.044347798653,0.012274709082,0.099402826735,0.257158634705,0.248017414945,0.014377675077,0.049676369026,0.004593206980,0.088088855482,0.054452020696,0.274899326638,0.101794670824,0.210204555043,0.160786552671,0.465270186660,0.077514092431,0.200603027048,0.037418155201,0.104620129358
2006-11,2006,0.144137103317,0.011854067319,0.046611406598,0.335362028684,0.023397562873,0.114960730840,0.127051958319,0.175342358384,0.090899825840,0.014305180672,0.028094334390,0.033974755399,0.002387281405,0.088684232995,0.041419720443,0.279743785079,0.021003339194,0.041893918046,0.004034899421,0.023368978605,0.070433261989,0.292919226985,0.068927823412,0.219758581199,0.227983706699,0.428955141505,0.056324877398,0.229773385805,0.037199522132,0.123099956065
2006-12,2006,0.144137103317,0.011854067319,0.046611406598,0.335362028684,0.023397562873,0.114960730840,0.127051958319,0.175342358384,0.090899825840,0.014305180672,0.028094334390,0.033974755399,0.002387281405,0.088684232995,0.041419720443,0.279743785079,0.021003339194,0.041893918046,0.004034899421,0.023368978605,0.070433261989,0.292919226985,0.068927823412,0.219758581199,0.227983706699,0.428955141505,0.056324877398,0.229773385805,0.037199522132,0.123099956065
2007-01,2007,0.133021180706,0.005085251647,0.034661885037,0.317643739913,0.024330192485,0.114473389907,0.119231298495,0.184110525054,0.082566068731,0.014388241856,0.026559797270,0.036323802614,0.012193108284,0.100823801829,0.256837608054,0.244365209758,0.014301986895,0.053464199998,0.004609845090,0.088023215847,0.057514776981,0.296434655339,0.075250104466,0.218520530724,0.173457112638,0.452698343191,0.078486961285,0.212047398200,0.040852172453,0.115027822210
2007-02,2007,0.133021180706,0.005085251647,0.034661885037,0.317643739913,0.024330192485,0.114473389907,0.119231298495,0.184110525054,0.082566068731,0.014388241856,0.026559797270,0.036323802614,0.012193108284,0.100823801829,0.256837608054,0.244365209758,0.014301986895,0.053464199998,0.004609845090,0.088023215847,0.057514776981,0.296434655339,0.075250104466,0.218520530724,0.173457112638,0.452698343191,0.078486961285,0.212047398200,0.040852172453,0.115027822210
2007-03,2007,0.126440736880,0.004749305218,0.032617223496,0.312816486006,0.024414355681,0.109683945033,0.113154752952,0.204054817037,0.081191299820,0.014096984975,0.030103833073,0.043522474546,0.012181858304,0.100592407196,0.256837608054,0.242656359674,0.014301343195,0.051505331002,0.004607389203,0.088023215847,0.055813751319,0.285931965668,0.094409017271,0.211055044686,0.161218390237,0.455992442756,0.079724092820,0.201908819767,0.038854817463,0.109184401028
2007-04,2007,0.141965756493,0.005346536285,0.037553917701,0.310020626355,0.020257178940,0.123137473367,0.142979764587,0.134132830886,0.089981004312,0.032985060650,0.026258411939,0.016270882838,0.009675584413,0.095809939360,0.256837608054,0.221314783626,0.079205900640,0.076583338368,0.032621717274,0.079536985299,0.054633441877,0.298729360220,0.027463346578,0.216584751643,0.182291089834,0.410741007419,0.079745830690,0.213837721796,0.051353880413,0.137882906912
2007-05,2007,0.141965756493,0.005346536285,0.037553917701,0.310020626355,0.020257178940,0.123137473367,0.142979764587,0.134132830886,0.089981004312,0.032985060650,0.026258411939,0.016270882838,0.009675584413,0.095809939360,0.256837608054,0.221314783626,0.079205900640,0.076583338368,0.032621717274,0.079536985299,0.054633441877,0.298729360220,0.027463346578,0.216584751643,0.182291089834,0.410741007419,0.079745830690,0.213837721796,0.051353880413,0.137882906912
2007-06,2007,0.141965756493,0.005346536285,0.037553917701,0.310020626355,0.020257178940,0.123137473367,0.142979764587,0.134132830886,0.089981004312,0.032985060650,0.026258411939,0.016270882838,0.009675584413,0.095809939360,0.256837608054,0.221314783626,0.079205900640,0.076583338368,0.032621717274,0.079536985299,0.054633441877,0.298729360220,0.027463346578,0.216584751643,0.182291089834,0.410741007419,0.079745830690,0.213837721796,0.051353880413,0.137882906912
2007-07,2007,0.141965756493,0.005346536285,0.037553917701,0.310020626355,0.020257178940,0.123137473367,0.142979764587,0.134132830886,0.089981004312,0.032985060650,0.026258411939,0.016270882838,0.009675584413,0.095809939360,0.256837608054,0.221314783626,0.079205900640,0.076583338368,0.032621717274,0.079536985299,0.054633441877,0.298729360220,0.027463346578,0.216584751643,0.182291089834,0.410741007419,0.079745830690,0.213837721796,0.051353880413,0.137882906912
2007-08,2007,0.139496222479,0.005244111016,0.036691604630,0.311211357821,0.020947668550,0.121767458157,0.140640081547,0.140679775666,0.088587359357,0.032437591790,0.025869592169,0.018197944356,0.009675584413,0.095033774230,0.256837608054,0.219821789281,0.079205900640,0.075276973093,0.032621717165,0.079536985299,0.053659384929,0.297837394526,0.027622173271,0.218158201395,0.178777543138,0.421325919032,0.079745830690,0.211155476620,0.050430903533,0.135640704357
2007-09,2007,0.137105713872,0.005131546998,0.036388876767,0.311037686391,0.022337555676,0.120569659867,0.138575546144,0.139460682895,0.087015795282,0.031979877725,0.025314305446,0.019917473047,0.009675584413,0.094054973953,0.256837608054,0.217715782303,0.079216337235,0.074110998968,0.032622387683,0.079536985299,0.052815513162,0.295445734472,0.033799029174,0.219371704522,0.175264024651,0.428231694388,0.079745830690,0.207949603003,0.049524992703,0.133633060400
2007-10,2007,0.145612436701,0.005562231396,0.038214847389,0.329840796046,0.022610560633,0.127375890582,0.133520097242,0.149626425877,0.090404358160,0.015443010549,0.027413295099,0.020842973045,0.012181858304,0.100365619748,0.256837608054,0.241062734670,0.014040454605,0.057901088590,0.004437123561,0.088023215847,0.058643398723,0.320858570359,0.034434329804,0.234374483862,0.187625927503,0.444833459441,0.079745830690,0.231027916839,0.044707755004,0.128808059380
2007-11,2007,0.148918477212,0.005760485498,0.039358696789,0.329889592544,0.022414492911,0.126946194460,0.133224945382,0.147488978612,0.091637591422,0.014848968828,0.027451169824,0.018875072085,0.012180360055,0.101656086450,0.256837608054,0.246407407627,0.014308416101,0.057315829510,0.004611360600,0.088023215847,0.060101849874,0.319174639707,0.032539890114,0.236602961445,0.196005490120,0.445550892777,0.078367089824,0.236371832216,0.045679409852,0.128453524372
2007-12,2007,0.148918477212,0.005760485498,0.039358696789,0.329889592544,0.022414492911,0.126946194460,0.133224945382,0.147488978612,0.091637591422,0.014848968828,0.027451169824,0.018875072085,0.012180360055,0.101656086450,0.256837608054,0.246407407627,0.014308416101,0.057315829510,0.004611360600,0.088023215847,0.060101849874,0.319174639707,0.032539890114,0.236602961445,0.196005490120,0.445550892777,0.078367089824,0.236371832216,0.045679409852,0.128453524372
2008-01,2008,0.140908019723,0.005330045897,0.037832755957,0.310066874045,0.022334875302,0.121304526230,0.140067229770,0.130587387185,0.086683577543,0.032205008306,0.023730751033,0.017603627868,0.009675656583,0.095798794674,0.256837608054,0.219126262292,0.081784652997,0.074870656889,0.033601068303,0.079536985299,0.054641046175,0.296895136151,0.030796383367,0.219689768314,0.181472282748,0.421396745222,0.079934110283,0.210985801987,0.051128999296,0.135004530597
2008-02,2008,0.140908019723,0.005330045897,0.037832755957,0.310066874045,0.022334875302,0.121304526230,0.140067229770,0.130587387185,0.086683577543,0.032205008306,0.023730751033,0.017603627868,0.009675656583,0.095798794674,0.256837608054,0.219126262292,0.081784652997,0.074870656889,0.033601068303,0.079536985299,0.054641046175,0.296895136151,0.030796383367,0.219689768314,0.181472282748,0.421396745222,0.079934110283,0.210985801987,0.051128999296,0.135004530597
2008-03,2008,0.130582985831,0.004824517945,0.035621585044,0.307163612626,0.021221296681,0.121462167450,0.142758326057,0.131065139433,0.082358267318,0.033524331376,0.023799708142,0.018726388525,0.009675584413,0.089493159703,0.256837608054,0.205705125219,0.066335957796,0.077006837883,0.028083100707,0.079536985299,0.050009473676,0.296426955069,0.033796069308,0.208278347470,0.164417950014,0.403035606611,0.079745830690,0.196791409566,0.046963006737,0.137927661748
2008-04,2008,0.130582985831,0.004824517945,0.035621585044,0.307163612626,0.021221296681,0.121462167450,0.142758326057,0.131065139433,0.082358267318,0.033524331376,0.023799708142,0.018726388525,0.009675584413,0.089493159703,0.256837608054,0.205705125219,0.066335957796,0.077006837883,0.028083100707,0.079536985299,0.050009473676,0.296426955069,0.033796069308,0.208278347470,0.164417950014,0.403035606611,0.079745830690,0.196791409566,0.046963006737,0.137927661748
2008-05,2008,0.138139213731,0.004888807943,0.035531254573,0.304393093480,0.018966526316,0.123811428774,0.148068273732,0.125600428775,0.088442108986,0.034991045982,0.023682623530,0.016031368237,0.008382185324,0.092716621267,0.256837608054,0.215623051101,0.061671803460,0.080318720066,0.025962967713,0.079066060774,0.049408825554,0.297232247855,0.028000052619,0.199964024435,0.162800772441,0.377964604027,0.079246362087,0.198457009526,0.052537668055,0.143258173551
2008-06,2008,0.138139213731,0.004888807943,0.035531254573,0.304393093480,0.018966526316,0.123811428774,0.148068273732,0.125600428775,0.088442108986,0.034991045982,0.023682623530,0.016031368237,0.008382185324,0.092716621267,0.256837608054,0.215623051101,0.061671803460,0.080318720066,0.025962967713,0.079066060774,0.049408825554,0.297232247855,0.028000052619,0.199964024435,0.162800772441,0.377964604027,0.079246362087,0.198457009526,0.052537668055,0.143258173551
2008-07,2008,0.138301706250,0.004896026687,0.035588927742,0.304436834682,0.018898245335,0.123928019864,0.148257397707,0.125466795547,0.088545959749,0.035026907063,0.023717592954,0.015888057541,0.008382185324,0.092782562358,0.256837608054,0.215753362687,0.061666766403,0.080410569079,0.025956262728,0.079066060774,0.049459569394,0.297378259705,0.027416375710,0.199894228705,0.163014293546,0.377400954324,0.079246362087,0.198654594972,0.052601910903,0.143441718806
2008-08,2008,0.138301706250,0.004896026687,0.035588927742,0.304436834682,0.018898245335,0.123928019864,0.148257397707,0.125466795547,0.088545959749,0.035026907063,0.023717592954,0.015888057541,0.008382185324,0.092782562358,0.256837608054,0.215753362687,0.061666766403,0.080410569079,0.025956262728,0.079066060774,0.049459569394,0.297378259705,0.027416375710,0.199894228705,0.163014293546,0.377400954324,0.079246362087,0.198654594972,0.052601910903,0.143441718806
2008-09,2008,0.137687221940,0.004872176810,0.035374233241,0.304736919550,0.019113853346,0.123588714123,0.147635332319,0.126820591566,0.088178272969,0.034883346373,0.023604115751,0.016368012713,0.008382185324,0.092543597115,0.256837608054,0.215279219895,0.061666766403,0.080062950829,0.025956262642,0.079066060774,0.049242571301,0.297187210103,0.027507425863,0.200401770178,0.162219015812,0.380147465750,0.079246362087,0.198001483241,0.052359651194,0.142842653475
2008-10,2008,0.140666720648,0.005306592961,0.037218598099,0.311575082050,0.021160853375,0.120970458804,0.139171895648,0.142339752549,0.089465012457,0.031973784771,0.026177820279,0.018414432258,0.009675584413,0.095873710755,0.256837608054,0.222057942614,0.081773469374,0.074340343901,0.033599986400,0.079536985299,0.054222312993,0.295858642253,0.027624313165,0.220278747350,0.180960495109,0.426266527791,0.079745830690,0.213303318108,0.050871571156,0.134147190228
2008-11,2008,0.140908019723,0.005330045897,0.037832755957,0.310066874045,0.022334875302,0.121304526230,0.140067229770,0.130587387185,0.086683577543,0.032205008306,0.023730751033,0.017603627868,0.009675656583,0.095798794674,0.256837608054,0.219126262292,0.081784652997,0.074870656889,0.033601068303,0.079536985299,0.054641046175,0.296895136151,0.030796383367,0.219689768314,0.181472282748,0.421396745222,0.079934110283,0.210985801987,0.051128999296,0.135004530597
2008-12,2008,0.140908019723,0.005330045897,0.037832755957,0.310066874045,0.022334875302,0.121304526230,0.140067229770,0.130587387185,0.086683577543,0.032205008306,0.023730751033,0.017603627868,0.009675656583,0.095798794674,0.256837608054,0.219126262292,0.081784652997,0.074870656889,0.033601068303,0.079536985299,0.054641046175,0.296895136151,0.030796383367,0.219689768314,0.181472282748,0.421396745222,0.079934110283,0.210985801987,0.051128999296,0.135004530597
2009-01,2009,0.140906584528,0.005329951506,0.037832755957,0.310066874045,0.022334532640,0.121304526230,0.140076469248,0.130587387185,0.086682582058,0.032206810231,0.023730330780,0.017603316121,0.009675656583,0.095797711182,0.256837608054,0.219123024117,0.081779974199,0.074874689622,0.033601068303,0.079536985299,0.054641046175,0.296899016710,0.030796383367,0.219687031876,0.181472282748,0.421396745222,0.079934110283,0.210982504589,0.051128500443,0.135013770608
2009-02,2009,0.140906584528,0.005329951506,0.037832755957,0.310066874045,0.022334532640,0.121304526230,0.140076469248,0.130587387185,0.086682582058,0.032206810231,0.023730330780,0.017603316121,0.009675656583,0.095797711182,0.256837608054,0.219123024117,0.081779974199,0.074874689622,0.033601068303,0.079536985299,0.054641046175,0.296899016710,0.030796383367,0.219687031876,0.181472282748,0.421396745222,0.079934110283,0.210982504589,0.051128500443,0.135013770608
2009-03,2009,0.142263573144,0.005554778786,0.039891864868,0.325294511291,0.023426707036,0.126195756667,0.138829415780,0.134573412905,0.085241120170,0.020932660265,0.024576909876,0.018277965000,0.012182542701,0.096670065168,0.256837608054,0.228151399640,0.041977137131,0.064110664745,0.004280191311,0.088023215847,0.057587650087,0.309025071722,0.030783077239,0.231768532308,0.186531571167,0.432275431751,0.079845276471,0.222698703241,0.044511353031,0.133158627056
2009-04,2009,0.139387195718,0.005404401149,0.038846411500,0.326267327222,0.023633642376,0.124444543409,0.135730925167,0.145265922110,0.086522283199,0.020480681165,0.026501658414,0.020899777826,0.012182423480,0.095668639096,0.256837608054,0.228886213958,0.041977137131,0.062577228498,0.004280168983,0.088023215847,0.056159052559,0.305064869977,0.033787921263,0.233312169260,0.182164158913,0.443996652821,0.079657417064,0.221362322057,0.043432545440,0.130168898525
2009-05,2009,0.142750146235,0.005560639629,0.039467924332,0.326563385048,0.021951059378,0.126224933923,0.138572781932,0.145213657708,0.088628109624,0.020878114428,0.027265388452,0.018569708348,0.012182423480,0.097052787107,0.256837608054,0.231925922339,0.041969734787,0.063955905504,0.004280073737,0.088023215847,0.057418511896,0.308135584571,0.027521474778,0.231885503027,0.187030277296,0.434343489471,0.079657417064,0.225999293865,0.044532756831,0.132913682517
2009-06,2009,0.142750146235,0.005560639629,0.039467924332,0.326563385048,0.021951059378,0.126224933923,0.138572781932,0.145213657708,0.088628109624,0.020878114428,0.027265388452,0.018569708348,0.012182423480,0.097052787107,0.256837608054,0.231925922339,0.041969734787,0.063955905504,0.004280073737,0.088023215847,0.057418511896,0.308135584571,0.027521474778,0.231885503027,0.187030277296,0.434343489471,0.079657417064,0.225999293865,0.044532756831,0.132913682517
2009-07,2009,0.170089018505,0.007837966175,0.050662159089,0.288772969223,0.026740333118,0.079791301352,0.091680143754,0.204377036712,0.102616265959,0.016834803457,0.036965189962,0.026633506657,0.018060329007,0.125742724101,0.256837608054,0.295436517002,0.048150456198,0.062226882080,0.010846693435,0.088141120703,0.079381211448,0.192812859593,0.033139773511,0.269688641821,0.256247104094,0.598773381032,0.080000520555,0.223148243800,0.049520557931,0.087131010907
2009-08,2009,0.170089018505,0.007837966175,0.050662159089,0.288772969223,0.026740333118,0.079791301352,0.091680143754,0.204377036712,0.102616265959,0.016834803457,0.036965189962,0.026633506657,0.018060329007,0.125742724101,0.256837608054,0.295436517002,0.048150456198,0.062226882080,0.010846693435,0.088141120703,0.079381211448,0.192812859593,0.033139773511,0.269688641821,0.256247104094,0.598773381032,0.080000520555,0.223148243800,0.049520557931,0.087131010907
2009-09,2009,0.139387195718,0.005404401149,0.038846411500,0.326267327222,0.023633642376,0.124444543409,0.135730925167,0.145265922110,0.086522283199,0.020480681165,0.026501658414,0.020899777826,0.012182423480,0.095668639096,0.256837608054,0.228886213958,0.041977137131,0.062577228498,0.004280168983,0.088023215847,0.056159052559,0.305064869977,0.033787921263,0.233312169260,0.182164158913,0.443996652821,0.079657417064,0.221362322057,0.043432545440,0.130168898525
2009-10,2009,0.139387195718,0.005404401149,0.038846411500,0.326267327222,0.023633642376,0.124444543409,0.135730925167,0.145265922110,0.086522283199,0.020480681165,0.026501658414,0.020899777826,0.012182423480,0.095668639096,0.256837608054,0.228886213958,0.041977137131,0.062577228498,0.004280168983,0.088023215847,0.056159052559,0.305064869977,0.033787921263,0.233312169260,0.182164158913,0.443996652821,0.079657417064,0.221362322057,0.043432545440,0.130168898525
2009-11,2009,0.139387195718,0.005404401149,0.038846411500,0.326267327222,0.023633642376,0.124444543409,0.135730925167,0.145265922110,0.086522283199,0.020480681165,0.026501658414,0.020899777826,0.012182423480,0.095668639096,0.256837608054,0.228886213958,0.041977137131,0.062577228498,0.004280168983,0.088023215847,0.056159052559,0.305064869977,0.033787921263,0.233312169260,0.182164158913,0.443996652821,0.079657417064,0.221362322057,0.043432545440,0.130168898525
2009-12,2009,0.139387195718,0.005404401149,0.038846411500,0.326267327222,0.023633642376,0.124444543409,0.135730925167,0.145265922110,0.086522283199,0.020480681165,0.026501658414,0.020899777826,0.012182423480,0.095668639096,0.256837608054,0.228886213958,0.041977137131,0.062577228498,0.004280168983,0.088023215847,0.056159052559,0.305064869977,0.033787921263,0.233312169260,0.182164158913,0.443996652821,0.079657417064,0.221362322057,0.043432545440,0.130168898525
2010-01,2010,0.142263573144,0.005554778786,0.039891864868,0.325294511291,0.023426707036,0.126195756667,0.138829415780,0.134573412905,0.085241120170,0.020932660265,0.024576909876,0.018277965000,0.012182542701,0.096670065168,0.256837608054,0.228151399640,0.041977137131,0.064110664745,0.004280191311,0.088023215847,0.057587650087,0.309025071722,0.030783077239,0.231768532308,0.186531571167,0.432275431751,0.079845276471,0.222698703241,0.044511353031,0.133158627056
2010-02,2010,0.142263573144,0.005554778786,0.039891864868,0.325294511291,0.023426707036,0.126195756667,0.138829415780,0.134573412905,0.085241120170,0.020932660265,0.024576909876,0.018277965000,0.012182542701,0.096670065168,0.256837608054,0.228151399640,0.041977137131,0.064110664745,0.004280191311,0.088023215847,0.057587650087,0.309025071722,0.030783077239,0.231768532308,0.186531571167,0.432275431751,0.079845276471,0.222698703241,0.044511353031,0.133158627056
2010-03,2010,0.139387195718,0.005404401149,0.038846411500,0.326267327222,0.023633642376,0.124444543409,0.135730925167,0.145265922110,0.086522283199,0.020480681165,0.026501658414,0.020899777826,0.012182423480,0.095668639096,0.256837608054,0.228886213958,0.041977137131,0.062577228498,0.004280168983,0.088023215847,0.056159052559,0.305064869977,0.033787921263,0.233312169260,0.182164158913,0.443996652821,0.079657417064,0.221362322057,0.043432545440,0.130168898525
2010-04,2010,0.139387195718,0.005404401149,0.038846411500,0.326267327222,0.023633642376,0.124444543409,0.135730925167,0.145265922110,0.086522283199,0.020480681165,0.026501658414,0.020899777826,0.012182423480,0.095668639096,0.256837608054,0.228886213958,0.041977137131,0.062577228498,0.004280168983,0.088023215847,0.056159052559,0.305064869977,0.033787921263,0.233312169260,0.182164158913,0.443996652821,0.079657417064,0.221362322057,0.043432545440,0.130168898525
2010-05,2010,0.142750146235,0.005560639629,0.039467924332,0.326563385048,0.021951059378,0.126224933923,0.138572781932,0.145213657708,0.088628109624,0.020878114428,0.027265388452,0.018569708348,0.012182423480,0.097052787107,0.256837608054,0.231925922339,0.041969734787,0.063955905504,0.004280073737,0.088023215847,0.057418511896,0.308135584571,0.027521474778,0.231885503027,0.187030277296,0.434343489471,0.079657417064,0.225999293865,0.044532756831,0.132913682517
2010-06,2010,0.142750146235,0.005560639629,0.039467924332,0.326563385048,0.021951059378,0.126224933923,0.138572781932,0.145213657708,0.088628109624,0.020878114428,0.027265388452,0.018569708348,0.012182423480,0.097052787107,0.256837608054,0.231925922339,0.041969734787,0.063955905504,0.004280073737,0.088023215847,0.057418511896,0.308135584571,0.027521474778,0.231885503027,0.187030277296,0.434343489471,0.079657417064,0.225999293865,0.044532756831,0.132913682517
2010-07,2010,0.170089018505,0.007837966175,0.050662159089,0.288772969223,0.026740333118,0.079791301352,0.091680143754,0.204377036712,0.102616265959,0.016834803457,0.036965189962,0.026633506657,0.018060329007,0.125742724101,0.256837608054,0.295436517002,0.048150456198,0.062226882080,0.010846693435,0.088141120703,0.079381211448,0.192812859593,0.033139773511,0.269688641821,0.256247104094,0.598773381032,0.080000520555,0.223148243800,0.049520557931,0.087131010907
2010-08,2010,0.170089018505,0.007837966175,0.050662159089,0.288772969223,0.026740333118,0.079791301352,0.091680143754,0.204377036712,0.102616265959,0.016834803457,0.036965189962,0.026633506657,0.018060329007,0.125742724101,0.256837608054,0.295436517002,0.048150456198,0.062226882080,0.010846693435,0.088141120703,0.079381211448,0.192812859593,0.033139773511,0.269688641821,0.256247104094,0.598773381032,0.080000520555,0.223148243800,0.049520557931,0.087131010907
2010-09,2010,0.139387195718,0.005404401149,0.038846411500,0.326267327222,0.023633642376,0.124444543409,0.135730925167,0.145265922110,0.086522283199,0.020480681165,0.026501658414,0.020899777826,0.012182423480,0.095668639096,0.256837608054,0.228886213958,0.041977137131,0.062577228498,0.004280168983,0.088023215847,0.056159052559,0.305064869977,0.033787921263,0.233312169260,0.182164158913,0.443996652821,0.079657417064,0.221362322057,0.043432545440,0.130168898525
2010-10,2010,0.139387195718,0.005404401149,0.038846411500,0.326267327222,0.023633642376,0.124444543409,0.135730925167,0.145265922110,0.086522283199,0.020480681165,0.026501658414,0.020899777826,0.012182423480,0.095668639096,0.256837608054,0.228886213958,0.041977137131,0.062577228498,0.004280168983,0.088023215847,0.056159052559,0.305064869977,0.033787921263,0.233312169260,0.182164158913,0.443996652821,0.079657417064,0.221362322057,0.043432545440,0.130168898525
2010-11,2010,0.142263573144,0.005554778786,0.039891864868,0.325294511291,0.023426707036,0.126195756667,0.138829415780,0.134573412905,0.085241120170,0.020932660265,0.024576909876,0.018277965000,0.012182542701,0.096670065168,0.256837608054,0.228151399640,0.041977137131,0.064110664745,0.004280191311,0.088023215847,0.057587650087,0.309025071722,0.030783077239,0.231768532308,0.186531571167,0.432275431751,0.079845276471,0.222698703241,0.044511353031,0.133158627056
2010-12,2010,0.120902518749,0.004589443436,0.032666216522,0.310108480783,0.025008552979,0.108686520764,0.117443040880,0.196799738090,0.077506416147,0.019630543072,0.028945394633,0.042486624140,0.012182423480,0.094966047216,0.256837608054,0.227851701411,0.041960078424,0.057193648939,0.004276958287,0.088023215847,0.053015476196,0.275687542396,0.092634555473,0.209245155975,0.155597049916,0.450441396284,0.079635727642,0.192941287509,0.037610909055,0.112744207292
2011-01,2011,0.142263573144,0.005554778786,0.039891864868,0.325294511291,0.023426707036,0.126195756667,0.138829415780,0.134573412905,0.085241120170,0.020932660265,0.024576909876,0.018277965000,0.012182542701,0.096670065168,0.256837608054,0.228151399640,0.041977137131,0.064110664745,0.004280191311,0.088023215847,0.057587650087,0.309025071722,0.030783077239,0.231768532308,0.186531571167,0.432275431751,0.079845276471,0.222698703241,0.044511353031,0.133158627056
2011-02,2011,0.142263573144,0.005554778786,0.039891864868,0.325294511291,0.023426707036,0.126195756667,0.138829415780,0.134573412905,0.085241120170,0.020932660265,0.024576909876,0.018277965000,0.012182542701,0.096670065168,0.256837608054,0.228151399640,0.041977137131,0.064110664745,0.004280191311,0.088023215847,0.057587650087,0.309025071722,0.030783077239,0.231768532308,0.186531571167,0.432275431751,0.079845276471,0.222698703241,0.044511353031,0.133158627056
2011-03,2011,0.139387195718,0.005404401149,0.038846411500,0.326267327222,0.023633642376,0.124444543409,0.135730925167,0.145265922110,0.086522283199,0.020480681165,0.026501658414,0.020899777826,0.012182423480,0.095668639096,0.256837608054,0.228886213958,0.041977137131,0.062577228498,0.004280168983,0.088023215847,0.056159052559,0.305064869977,0.033787921263,0.233312169260,0.182164158913,0.443996652821,0.079657417064,0.221362322057,0.043432545440,0.130168898525
2011-04,2011,0.139387195718,0.005404401149,0.038846411500,0.326267327222,0.023633642376,0.124444543409,0.135730925167,0.145265922110,0.086522283199,0.020480681165,0.026501658414,0.020899777826,0.012182423480,0.095668639096,0.256837608054,0.228886213958,0.041977137131,0.062577228498,0.004280168983,0.088023215847,0.056159052559,0.305064869977,0.033787921263,0.233312169260,0.182164158913,0.443996652821,0.079657417064,0.221362322057,0.043432545440,0.130168898525
2011-05,2011,0.142795023158,0.005563640516,0.039484096333,0.326669968457,0.021960444548,0.126284784631,0.138619640897,0.145078819205,0.088629888080,0.020881485653,0.027220790523,0.018540689678,0.012182423480,0.097054555978,0.256837608054,0.231921553148,0.041970149378,0.063970895916,0.004280102320,0.088023215847,0.057429629640,0.308310095650,0.026962064609,0.231955534477,0.187095099678,0.434397848530,0.079657417064,0.226066842909,0.044547022678,0.132958226051
2011-06,2011,0.142795023158,0.005563640516,0.039484096333,0.326669968457,0.021960444548,0.126284784631,0.138619640897,0.145078819205,0.088629888080,0.020881485653,0.027220790523,0.018540689678,0.012182423480,0.097054555978,0.256837608054,0.231921553148,0.041970149378,0.063970895916,0.004280102320,0.088023215847,0.057429629640,0.308310095650,0.026962064609,0.231955534477,0.187095099678,0.434397848530,0.079657417064,0.226066842909,0.044547022678,0.132958226051
2011-07,2011,0.170489117144,0.007881004364,0.050878176566,0.287281446262,0.026852863459,0.078500081965,0.089891568507,0.205218445958,0.102631047130,0.016611713521,0.037043731709,0.026729066031,0.018392277293,0.126074339592,0.256837608054,0.296561154787,0.048313494990,0.061946227265,0.011022289637,0.088141120703,0.079714831153,0.190382507773,0.032522233181,0.270373713166,0.257541604035,0.601832128169,0.080000520555,0.223261071602,0.049281846408,0.085509345488
2011-08,2011,0.170489117144,0.007881004364,0.050878176566,0.287281446262,0.026852863459,0.078500081965,0.089891568507,0.205218445958,0.102631047130,0.016611713521,0.037043731709,0.026729066031,0.018392277293,0.126074339592,0.256837608054,0.296561154787,0.048313494990,0.061946227265,0.011022289637,0.088141120703,0.079714831153,0.190382507773,0.032522233181,0.270373713166,0.257541604035,0.601832128169,0.080000520555,0.223261071602,0.049281846408,0.085509345488
2011-09,2011,0.142744600064,0.005561505507,0.039484096333,0.326671391703,0.021999310050,0.126268368001,0.138582502691,0.145042645650,0.088598311978,0.020875384045,0.027210344733,0.018575515814,0.012182423480,0.097033084347,0.256837608054,0.231872417481,0.041971331608,0.063950151344,0.004280271130,0.088023215847,0.057412429452,0.308235715234,0.027025750356,0.231980833007,0.187027678635,0.434523660896,0.079657417064,0.225995432480,0.044530496343,0.132922882955
2011-10,2011,0.142744600064,0.005561505507,0.039484096333,0.326671391703,0.021999310050,0.126268368001,0.138582502691,0.145042645650,0.088598311978,0.020875384045,0.027210344733,0.018575515814,0.012182423480,0.097033084347,0.256837608054,0.231872417481,0.041971331608,0.063950151344,0.004280271130,0.088023215847,0.057412429452,0.308235715234,0.027025750356,0.231980833007,0.187027678635,0.434523660896,0.079657417064,0.225995432480,0.044530496343,0.132922882955
2011-11,2011,0.145414606443,0.005705929497,0.040508503042,0.325832516482,0.021931802735,0.127965829047,0.141547641674,0.134212250831,0.087146324856,0.021298671027,0.025214121010,0.016025757718,0.012182542701,0.097927441373,0.256837608054,0.230855616558,0.041971331608,0.065392953293,0.004280293460,0.088023215847,0.058749141589,0.312023755464,0.023500633777,0.230594637928,0.191130402420,0.423706769316,0.079845276471,0.226974005041,0.045546726968,0.135783725109
2011-12,2011,0.145414606443,0.005705929497,0.040508503042,0.325832516482,0.021931802735,0.127965829047,0.141547641674,0.134212250831,0.087146324856,0.021298671027,0.025214121010,0.016025757718,0.012182542701,0.097927441373,0.256837608054,0.230855616558,0.041971331608,0.065392953293,0.004280293460,0.088023215847,0.058749141589,0.312023755464,0.023500633777,0.230594637928,0.191130402420,0.423706769316,0.079845276471,0.226974005041,0.045546726968,0.135783725109
2012-01,2012,0.142333143774,0.005559431704,0.039915174857,0.325393272637,0.023430271631,0.126272985528,0.138911010697,0.134354726946,0.085273222461,0.020938987593,0.024567758309,0.018221440339,0.012182542701,0.096697532901,0.256837608054,0.228193134339,0.041977551877,0.064134980827,0.004280219896,0.088023215847,0.057602849943,0.309151888499,0.030137419400,0.231773370476,0.186626026349,0.432311130509,0.079845276471,0.222759950287,0.044533799543,0.133236689487
2012-02,2012,0.142333143774,0.005559431704,0.039915174857,0.325393272637,0.023430271631,0.126272985528,0.138911010697,0.134354726946,0.085273222461,0.020938987593,0.024567758309,0.018221440339,0.012182542701,0.096697532901,0.256837608054,0.228193134339,0.041977551877,0.064134980827,0.004280219896,0.088023215847,0.057602849943,0.309151888499,0.030137419400,0.231773370476,0.186626026349,0.432311130509,0.079845276471,0.222759950287,0.044533799543,0.133236689487
2012-03,2012,0.142744600064,0.005561505507,0.039484096333,0.326671391703,0.021999310050,0.126268368001,0.138582502691,0.145042645650,0.088598311978,0.020875384045,0.027210344733,0.018575515814,0.012182423480,0.097033084347,0.256837608054,0.231872417481,0.041971331608,0.063950151344,0.004280271130,0.088023215847,0.057412429452,0.308235715234,0.027025750356,0.231980833007,0.187027678635,0.434523660896,0.079657417064,0.225995432480,0.044530496343,0.132922882955
2012-04,2012,0.142744600064,0.005561505507,0.039484096333,0.326671391703,0.021999310050,0.126268368001,0.138582502691,0.145042645650,0.088598311978,0.020875384045,0.027210344733,0.018575515814,0.012182423480,0.097033084347,0.256837608054,0.231872417481,0.041971331608,0.063950151344,0.004280271130,0.088023215847,0.057412429452,0.308235715234,0.027025750356,0.231980833007,0.187027678635,0.434523660896,0.079657417064,0.225995432480,0.044530496343,0.132922882955
2012-05,2012,0.170489117144,0.007881004364,0.050878176566,0.287281446262,0.026852863459,0.078500081965,0.089891568507,0.205218445958,0.102631047130,0.016611713521,0.037043731709,0.026729066031,0.018392277293,0.126074339592,0.256837608054,0.296561154787,0.048313494990,0.061946227265,0.011022289637,0.088141120703,0.079714831153,0.190382507773,0.032522233181,0.270373713166,0.257541604035,0.601832128169,0.080000520555,0.223261071602,0.049281846408,0.085509345488
2012-06,2012,0.170489117144,0.007881004364,0.050878176566,0.287281446262,0.026852863459,0.078500081965,0.089891568507,0.205218445958,0.102631047130,0.016611713521,0.037043731709,0.026729066031,0.018392277293,0.126074339592,0.256837608054,0.296561154787,0.048313494990,0.061946227265,0.011022289637,0.088141120703,0.079714831153,0.190382507773,0.032522233181,0.270373713166,0.257541604035,0.601832128169,0.080000520555,0.223261071602,0.049281846408,0.085509345488
2012-07,2012,0.170489117144,0.007881004364,0.050878176566,0.287281446262,0.026852863459,0.078500081965,0.089891568507,0.205218445958,0.102631047130,0.016611713521,0.037043731709,0.026729066031,0.018392277293,0.126074339592,0.256837608054,0.296561154787,0.048313494990,0.061946227265,0.011022289637,0.088141120703,0.079714831153,0.190382507773,0.032522233181,0.270373713166,0.257541604035,0.601832128169,0.080000520555,0.223261071602,0.049281846408,0.085509345488
2012-08,2012,0.170489117144,0.007881004364,0.050878176566,0.287281446262,0.026852863459,0.078500081965,0.089891568507,0.205218445958,0.102631047130,0.016611713521,0.037043731709,0.026729066031,0.018392277293,0.126074339592,0.256837608054,0.296561154787,0.048313494990,0.061946227265,0.011022289637,0.088141120703,0.079714831153,0.190382507773,0.032522233181,0.270373713166,0.257541604035,0.601832128169,0.080000520555,0.223261071602,0.049281846408,0.085509345488
2012-09,2012,0.170402973805,0.007876614301,0.050878176566,0.287302803399,0.026906142981,0.078499712173,0.089864094529,0.205134193975,0.102578644090,0.016604901281,0.037023096735,0.026775058560,0.018392277293,0.126033349327,0.256837608054,0.296467932137,0.048315109803,0.061917802649,0.011023771595,0.088141120703,0.079680457146,0.190337623721,0.032597912736,0.270389544441,0.257403659460,0.601926791202,0.080000520555,0.223161068317,0.049255675458,0.085483671406
2012-10,2012,0.170402973805,0.007876614301,0.050878176566,0.287302803399,0.026906142981,0.078499712173,0.089864094529,0.205134193975,0.102578644090,0.016604901281,0.037023096735,0.026775058560,0.018392277293,0.126033349327,0.256837608054,0.296467932137,0.048315109803,0.061917802649,0.011023771595,0.088141120703,0.079680457146,0.190337623721,0.032597912736,0.270389544441,0.257403659460,0.601926791202,0.080000520555,0.223161068317,0.049255675458,0.085483671406
2012-11,2012,0.145414606443,0.005705929497,0.040508503042,0.325832516482,0.021931802735,0.127965829047,0.141547641674,0.134212250831,0.087146324856,0.021298671027,0.025214121010,0.016025757718,0.012182542701,0.097927441373,0.256837608054,0.230855616558,0.041971331608,0.065392953293,0.004280293460,0.088023215847,0.058749141589,0.312023755464,0.023500633777,0.230594637928,0.191130402420,0.423706769316,0.079845276471,0.226974005041,0.045546726968,0.135783725109
2012-12,2012,0.145414606443,0.005705929497,0.040508503042,0.325832516482,0.021931802735,0.127965829047,0.141547641674,0.134212250831,0.087146324856,0.021298671027,0.025214121010,0.016025757718,0.012182542701,0.097927441373,0.256837608054,0.230855616558,0.041971331608,0.065392953293,0.004280293460,0.088023215847,0.058749141589,0.312023755464,0.023500633777,0.230594637928,0.191130402420,0.423706769316,0.079845276471,0.226974005041,0.045546726968,0.135783725109
2013-01,2013,0.142357102607,0.005560233783,0.039923285812,0.325365782000,0.023434533031,0.126287648507,0.138942776035,0.134206869498,0.085206817845,0.020943329206,0.024509735127,0.018196041629,0.012182661729,0.096713841184,0.256837608054,0.228122451259,0.041977551877,0.064150857241,0.004280242224,0.088023215847,0.057616851276,0.309226587436,0.030103154106,0.231735520786,0.186631604276,0.432199367803,0.079879201028,0.222764176721,0.044544486682,0.133267111322
2013-02,2013,0.142357102607,0.005560233783,0.039923285812,0.325365782000,0.023434533031,0.126287648507,0.138942776035,0.134206869498,0.085206817845,0.020943329206,0.024509735127,0.018196041629,0.012182661729,0.096713841184,0.256837608054,0.228122451259,0.041977551877,0.064150857241,0.004280242224,0.088023215847,0.057616851276,0.309226587436,0.030103154106,0.231735520786,0.186631604276,0.432199367803,0.079879201028,0.222764176721,0.044544486682,0.133267111322
2013-03,2013,0.142903185459,0.005569501570,0.039547388584,0.326789832777,0.022000527423,0.126411826109,0.138759775916,0.144465460921,0.088625826652,0.020885618566,0.027147107487,0.018398225894,0.012182542506,0.097061665394,0.256837608054,0.231825496023,0.041971331608,0.064003484965,0.004280293459,0.088023215847,0.057446414550,0.308519049184,0.026196813690,0.232090104699,0.187255268111,0.434454054552,0.079691182008,0.226217940977,0.044584649015,0.133095404505
2013-04,2013,0.142903185459,0.005569501570,0.039547388584,0.326789832777,0.022000527423,0.126411826109,0.138759775916,0.144465460921,0.088625826652,0.020885618566,0.027147107487,0.018398225894,0.012182542506,0.097061665394,0.256837608054,0.231825496023,0.041971331608,0.064003484965,0.004280293459,0.088023215847,0.057446414550,0.308519049184,0.026196813690,0.232090104699,0.187255268111,0.434454054552,0.079691182008,0.226217940977,0.044584649015,0.133095404505
2013-05,2013,0.170764528051,0.007897972288,0.050998239526,0.287364975910,0.026865491793,0.078601942939,0.090040700687,0.204515266756,0.102699893030,0.016622832268,0.036974483083,0.026490175014,0.018392549315,0.126129697278,0.256837608054,0.296522223896,0.048313494990,0.062019418424,0.011022517226,0.088141120703,0.079783130037,0.190534335360,0.031503247093,0.270613846696,0.258035226078,0.602130774378,0.080034578619,0.223571787568,0.049368156099,0.085654812519
2013-06,2013,0.170764528051,0.007897972288,0.050998239526,0.287364975910,0.026865491793,0.078601942939,0.090040700687,0.204515266756,0.102699893030,0.016622832268,0.036974483083,0.026490175014,0.018392549315,0.126129697278,0.256837608054,0.296522223896,0.048313494990,0.062019418424,0.011022517226,0.088141120703,0.079783130037,0.190534335360,0.031503247093,0.270613846696,0.258035226078,0.602130774378,0.080034578619,0.223571787568,0.049368156099,0.085654812519
2013-07,2013,0.170764528051,0.007897972288,0.050998239526,0.287364975910,0.026865491793,0.078601942939,0.090040700687,0.204515266756,0.102699893030,0.016622832268,0.036974483083,0.026490175014,0.018392549315,0.126129697278,0.256837608054,0.296522223896,0.048313494990,0.062019418424,0.011022517226,0.088141120703,0.079783130037,0.190534335360,0.031503247093,0.270613846696,0.258035226078,0.602130774378,0.080034578619,0.223571787568,0.049368156099,0.085654812519
2013-08,2013,0.170764528051,0.007897972288,0.050998239526,0.287364975910,0.026865491793,0.078601942939,0.090040700687,0.204515266756,0.102699893030,0.016622832268,0.036974483083,0.026490175014,0.018392549315,0.126129697278,0.256837608054,0.296522223896,0.048313494990,0.062019418424,0.011022517226,0.088141120703,0.079783130037,0.190534335360,0.031503247093,0.270613846696,0.258035226078,0.602130774378,0.080034578619,0.223571787568,0.049368156099,0.085654812519
2013-09,2013,0.170678087021,0.007893562638,0.050998239526,0.287386338685,0.026918883768,0.078601523244,0.090013091038,0.204431186925,0.102647343399,0.016616009418,0.036953839240,0.026536406867,0.018392549315,0.126088669929,0.256837608054,0.296428970917,0.048315109803,0.061990922761,0.011023999248,0.088141120703,0.079748696131,0.190489278442,0.031579828694,0.270629585301,0.257896704313,0.602225502340,0.080034578619,0.223471411180,0.049341891143,0.085629009714
2013-10,2013,0.170678087021,0.007893562638,0.050998239526,0.287386338685,0.026918883768,0.078601523244,0.090013091038,0.204431186925,0.102647343399,0.016616009418,0.036953839240,0.026536406867,0.018392549315,0.126088669929,0.256837608054,0.296428970917,0.048315109803,0.061990922761,0.011023999248,0.088141120703,0.079748696131,0.190489278442,0.031579828694,0.270629585301,0.257896704313,0.602225502340,0.080034578619,0.223471411180,0.049341891143,0.085629009714
2013-11,2013,0.145454903901,0.005707619236,0.040522383318,0.325824266649,0.021932104316,0.127995933004,0.141596226217,0.134065326789,0.087088251496,0.021304330673,0.025158388063,0.015987373465,0.012182661729,0.097947435556,0.256837608054,0.230791406822,0.041971331608,0.065414439509,0.004280315788,0.088023215847,0.058767348913,0.312127615855,0.023357448050,0.230569569456,0.191158906197,0.423585018848,0.079879201028,0.227003597114,0.045562829224,0.135829901360
2013-12,2013,0.145454903901,0.005707619236,0.040522383318,0.325824266649,0.021932104316,0.127995933004,0.141596226217,0.134065326789,0.087088251496,0.021304330673,0.025158388063,0.015987373465,0.012182661729,0.097947435556,0.256837608054,0.230791406822,0.041971331608,0.065414439509,0.004280315788,0.088023215847,0.058767348913,0.312127615855,0.023357448050,0.230569569456,0.191158906197,0.423585018848,0.079879201028,0.227003597114,0.045562829224,0.135829901360
2014-01,2014,0.175319043522,0.008187473724,0.052945722048,0.284494438586,0.027008169241,0.079113487086,0.092359655246,0.191499417926,0.100927923335,0.017079332752,0.034414248634,0.023312637505,0.018392821640,0.127807311470,0.256837608054,0.295829067722,0.048315109803,0.063941943136,0.011024226914,0.088141120703,0.082417194851,0.191398496854,0.028271375336,0.269842759792,0.266562589044,0.593036610066,0.080224232250,0.224508735797,0.050927020804,0.087878901352
2014-02,2014,0.175319043522,0.008187473724,0.052945722048,0.284494438586,0.027008169241,0.079113487086,0.092359655246,0.191499417926,0.100927923335,0.017079332752,0.034414248634,0.023312637505,0.018392821640,0.127807311470,0.256837608054,0.295829067722,0.048315109803,0.063941943136,0.011024226914,0.088141120703,0.082417194851,0.191398496854,0.028271375336,0.269842759792,0.266562589044,0.593036610066,0.080224232250,0.224508735797,0.050927020804,0.087878901352
2014-03,2014,0.170678087021,0.007893562638,0.050998239526,0.287386338685,0.026918883768,0.078601523244,0.090013091038,0.204431186925,0.102647343399,0.016616009418,0.036953839240,0.026536406867,0.018392549315,0.126088669929,0.256837608054,0.296428970917,0.048315109803,0.061990922761,0.011023999248,0.088141120703,0.079748696131,0.190489278442,0.031579828694,0.270629585301,0.257896704313,0.602225502340,0.080034578619,0.223471411180,0.049341891143,0.085629009714
2014-04,2014,0.170678087021,0.007893562638,0.050998239526,0.287386338685,0.026918883768,0.078601523244,0.090013091038,0.204431186925,0.102647343399,0.016616009418,0.036953839240,0.026536406867,0.018392549315,0.126088669929,0.256837608054,0.296428970917,0.048315109803,0.061990922761,0.011023999248,0.088141120703,0.079748696131,0.190489278442,0.031579828694,0.270629585301,0.257896704313,0.602225502340,0.080034578619,0.223471411180,0.049341891143,0.085629009714
2014-05,2014,0.170764528051,0.007897972288,0.050998239526,0.287364975910,0.026865491793,0.078601942939,0.090040700687,0.204515266756,0.102699893030,0.016622832268,0.036974483083,0.026490175014,0.018392549315,0.126129697278,0.256837608054,0.296522223896,0.048313494990,0.062019418424,0.011022517226,0.088141120703,0.079783130037,0.190534335360,0.031503247093,0.270613846696,0.258035226078,0.602130774378,0.080034578619,0.223571787568,0.049368156099,0.085654812519
2014-06,2014,0.170764528051,0.007897972288,0.050998239526,0.287364975910,0.026865491793,0.078601942939,0.090040700687,0.204515266756,0.102699893030,0.016622832268,0.036974483083,0.026490175014,0.018392549315,0.126129697278,0.256837608054,0.296522223896,0.048313494990,0.062019418424,0.011022517226,0.088141120703,0.079783130037,0.190534335360,0.031503247093,0.270613846696,0.258035226078,0.602130774378,0.080034578619,0.223571787568,0.049368156099,0.085654812519
2014-07,2014,0.170764528051,0.007897972288,0.050998239526,0.287364975910,0.026865491793,0.078601942939,0.090040700687,0.204515266756,0.102699893030,0.016622832268,0.036974483083,0.026490175014,0.018392549315,0.126129697278,0.256837608054,0.296522223896,0.048313494990,0.062019418424,0.011022517226,0.088141120703,0.079783130037,0.190534335360,0.031503247093,0.270613846696,0.258035226078,0.602130774378,0.080034578619,0.223571787568,0.049368156099,0.085654812519
2014-08,2014,0.170764528051,0.007897972288,0.050998239526,0.287364975910,0.026865491793,0.078601942939,0.090040700687,0.204515266756,0.102699893030,0.016622832268,0.036974483083,0.026490175014,0.018392549315,0.126129697278,0.256837608054,0.296522223896,0.048313494990,0.062019418424,0.011022517226,0.088141120703,0.079783130037,0.190534335360,0.031503247093,0.270613846696,0.258035226078,0.602130774378,0.080034578619,0.223571787568,0.049368156099,0.085654812519
2014-09,2014,0.170678087021,0.007893562638,0.050998239526,0.287386338685,0.026918883768,0.078601523244,0.090013091038,0.204431186925,0.102647343399,0.016616009418,0.036953839240,0.026536406867,0.018392549315,0.126088669929,0.256837608054,0.296428970917,0.048315109803,0.061990922761,0.011023999248,0.088141120703,0.079748696131,0.190489278442,0.031579828694,0.270629585301,0.257896704313,0.602225502340,0.080034578619,0.223471411180,0.049341891143,0.085629009714
2014-10,2014,0.170678087021,0.007893562638,0.050998239526,0.287386338685,0.026918883768,0.078601523244,0.090013091038,0.204431186925,0.102647343399,0.016616009418,0.036953839240,0.026536406867,0.018392549315,0.126088669929,0.256837608054,0.296428970917,0.048315109803,0.061990922761,0.011023999248,0.088141120703,0.079748696131,0.190489278442,0.031579828694,0.270629585301,0.257896704313,0.602225502340,0.080034578619,0.223471411180,0.049341891143,0.085629009714
2014-11,2014,0.175319043522,0.008187473724,0.052945722048,0.284494438586,0.027008169241,0.079113487086,0.092359655246,0.191499417926,0.100927923335,0.017079332752,0.034414248634,0.023312637505,0.018392821640,0.127807311470,0.256837608054,0.295829067722,0.048315109803,0.063941943136,0.011024226914,0.088141120703,0.082417194851,0.191398496854,0.028271375336,0.269842759792,0.266562589044,0.593036610066,0.080224232250,0.224508735797,0.050927020804,0.087878901352
2014-12,2014,0.175319043522,0.008187473724,0.052945722048,0.284494438586,0.027008169241,0.079113487086,0.092359655246,0.191499417926,0.100927923335,0.017079332752,0.034414248634,0.023312637505,0.018392821640,0.127807311470,0.256837608054,0.295829067722,0.048315109803,0.063941943136,0.011024226914,0.088141120703,0.082417194851,0.191398496854,0.028271375336,0.269842759792,0.266562589044,0.593036610066,0.080224232250,0.224508735797,0.050927020804,0.087878901352
2015-01,2015,0.175319043522,0.008187473724,0.052945722048,0.284494438586,0.027008169241,0.079113487086,0.092359655246,0.191499417926,0.100927923335,0.017079332752,0.034414248634,0.023312637505,0.018392821640,0.127807311470,0.256837608054,0.295829067722,0.048315109803,0.063941943136,0.011024226914,0.088141120703,0.082417194851,0.191398496854,0.028271375336,0.269842759792,0.266562589044,0.593036610066,0.080224232250,0.224508735797,0.050927020804,0.087878901352
2015-02,2015,0.175319043522,0.008187473724,0.052945722048,0.284494438586,0.027008169241,0.079113487086,0.092359655246,0.191499417926,0.100927923335,0.017079332752,0.034414248634,0.023312637505,0.018392821640,0.127807311470,0.256837608054,0.295829067722,0.048315109803,0.063941943136,0.011024226914,0.088141120703,0.082417194851,0.191398496854,0.028271375336,0.269842759792,0.266562589044,0.593036610066,0.080224232250,0.224508735797,0.050927020804,0.087878901352
2015-03,2015,0.175641834998,0.008206519532,0.053086948196,0.284645729013,0.027012118717,0.079256581794,0.092572622029,0.190607871468,0.101127342383,0.017093257106,0.034410624909,0.022984823402,0.018381936402,0.127820274101,0.256837608054,0.295845739043,0.048315109803,0.064020052183,0.011017961311,0.088141120703,0.082470770576,0.191575179621,0.027247438782,0.270176470320,0.267169826412,0.593303460944,0.080224232250,0.224928317722,0.051027618200,0.088079071835
2015-04,2015,0.175641834998,0.008206519532,0.053086948196,0.284645729013,0.027012118717,0.079256581794,0.092572622029,0.190607871468,0.101127342383,0.017093257106,0.034410624909,0.022984823402,0.018381936402,0.127820274101,0.256837608054,0.295845739043,0.048315109803,0.064020052183,0.011017961311,0.088141120703,0.082470770576,0.191575179621,0.027247438782,0.270176470320,0.267169826412,0.593303460944,0.080224232250,0.224928317722,0.051027618200,0.088079071835
2015-05,2015,0.175734169537,0.008211294838,0.053086948196,0.284622103586,0.026956609510,0.079257346284,0.092602652305,0.190688009017,0.101181053222,0.017100530326,0.034430648165,0.022934600538,0.018381936402,0.127862470137,0.256837608054,0.295940145764,0.048313494990,0.064050565960,0.011016481421,0.088141120703,0.082507626645,0.191622539595,0.027163720178,0.270159873955,0.267319521008,0.593199475147,0.080224232250,0.225033256423,0.051055811277,0.088107147092
2015-06,2015,0.175734169537,0.008211294838,0.053086948196,0.284622103586,0.026956609510,0.079257346284,0.092602652305,0.190688009017,0.101181053222,0.017100530326,0.034430648165,0.022934600538,0.018381936402,0.127862470137,0.256837608054,0.295940145764,0.048313494990,0.064050565960,0.011016481421,0.088141120703,0.082507626645,0.191622539595,0.027163720178,0.270159873955,0.267319521008,0.593199475147,0.080224232250,0.225033256423,0.051055811277,0.088107147092
2015-07,2015,0.175734169537,0.008211294838,0.053086948196,0.284622103586,0.026956609510,0.079257346284,0.092602652305,0.190688009017,0.101181053222,0.017100530326,0.034430648165,0.022934600538,0.018381936402,0.127862470137,0.256837608054,0.295940145764,0.048313494990,0.064050565960,0.011016481421,0.088141120703,0.082507626645,0.191622539595,0.027163720178,0.270159873955,0.267319521008,0.593199475147,0.080224232250,0.225033256423,0.051055811277,0.088107147092
2015-08,2015,0.175734169537,0.008211294838,0.053086948196,0.284622103586,0.026956609510,0.079257346284,0.092602652305,0.190688009017,0.101181053222,0.017100530326,0.034430648165,0.022934600538,0.018381936402,0.127862470137,0.256837608054,0.295940145764,0.048313494990,0.064050565960,0.011016481421,0.088141120703,0.082507626645,0.191622539595,0.027163720178,0.270159873955,0.267319521008,0.593199475147,0.080224232250,0.225033256423,0.051055811277,0.088107147092
2015-09,2015,0.175641834998,0.008206519532,0.053086948196,0.284645729013,0.027012118717,0.079256581794,0.092572622029,0.190607871468,0.101127342383,0.017093257106,0.034410624909,0.022984823402,0.018381936402,0.127820274101,0.256837608054,0.295845739043,0.048315109803,0.064020052183,0.011017961311,0.088141120703,0.082470770576,0.191575179621,0.027247438782,0.270176470320,0.267169826412,0.593303460944,0.080224232250,0.224928317722,0.051027618200,0.088079071835
2015-10,2015,0.175641834998,0.008206519532,0.053086948196,0.284645729013,0.027012118717,0.079256581794,0.092572622029,0.190607871468,0.101127342383,0.017093257106,0.034410624909,0.022984823402,0.018381936402,0.127820274101,0.256837608054,0.295845739043,0.048315109803,0.064020052183,0.011017961311,0.088141120703,0.082470770576,0.191575179621,0.027247438782,0.270176470320,0.267169826412,0.593303460944,0.080224232250,0.224928317722,0.051027618200,0.088079071835
2015-11,2015,0.175641834998,0.008206519532,0.053086948196,0.284645729013,0.027012118717,0.079256581794,0.092572622029,0.190607871468,0.101127342383,0.017093257106,0.034410624909,0.022984823402,0.018381936402,0.127820274101,0.256837608054,0.295845739043,0.048315109803,0.064020052183,0.011017961311,0.088141120703,0.082470770576,0.191575179621,0.027247438782,0.270176470320,0.267169826412,0.593303460944,0.080224232250,0.224928317722,0.051027618200,0.088079071835
2015-12,2015,0.175641834998,0.008206519532,0.053086948196,0.284645729013,0.027012118717,0.079256581794,0.092572622029,0.190607871468,0.101127342383,0.017093257106,0.034410624909,0.022984823402,0.018381936402,0.127820274101,0.256837608054,0.295845739043,0.048315109803,0.064020052183,0.011017961311,0.088141120703,0.082470770576,0.191575179621,0.027247438782,0.270176470320,0.267169826412,0.593303460944,0.080224232250,0.224928317722,0.051027618200,0.088079071835
2016-01,2016,0.175641834998,0.008206519532,0.053086948196,0.284645729013,0.027012118717,0.079256581794,0.092572622029,0.190607871468,0.101127342383,0.017093257106,0.034410624909,0.022984823402,0.018381936402,0.127820274101,0.256837608054,0.295845739043,0.048315109803,0.064020052183,0.011017961311,0.088141120703,0.082470770576,0.191575179621,0.027247438782,0.270176470320,0.267169826412,0.593303460944,0.080224232250,0.224928317722,0.051027618200,0.088079071835
2016-02,2016,0.175641834998,0.008206519532,0.053086948196,0.284645729013,0.027012118717,0.079256581794,0.092572622029,0.190607871468,0.101127342383,0.017093257106,0.034410624909,0.022984823402,0.018381936402,0.127820274101,0.256837608054,0.295845739043,0.048315109803,0.064020052183,0.011017961311,0.088141120703,0.082470770576,0.191575179621,0.027247438782,0.270176470320,0.267169826412,0.593303460944,0.080224232250,0.224928317722,0.051027618200,0.088079071835
2016-03,2016,0.175641834998,0.008206519532,0.053086948196,0.284645729013,0.027012118717,0.079256581794,0.092572622029,0.190607871468,0.101127342383,0.017093257106,0.034410624909,0.022984823402,0.018381936402,0.127820274101,0.256837608054,0.295845739043,0.048315109803,0.064020052183,0.011017961311,0.088141120703,0.082470770576,0.191575179621,0.027247438782,0.270176470320,0.267169826412,0.593303460944,0.080224232250,0.224928317722,0.051027618200,0.088079071835
2016-04,2016,0.175641834998,0.008206519532,0.053086948196,0.284645729013,0.027012118717,0.079256581794,0.092572622029,0.190607871468,0.101127342383,0.017093257106,0.034410624909,0.022984823402,0.018381936402,0.127820274101,0.256837608054,0.295845739043,0.048315109803,0.064020052183,0.011017961311,0.088141120703,0.082470770576,0.191575179621,0.027247438782,0.270176470320,0.267169826412,0.593303460944,0.080224232250,0.224928317722,0.051027618200,0.088079071835
2016-05,2016,0.175734169537,0.008211294838,0.053086948196,0.284622103586,0.026956609510,0.079257346284,0.092602652305,0.190688009017,0.101181053222,0.017100530326,0.034430648165,0.022934600538,0.018381936402,0.127862470137,0.256837608054,0.295940145764,0.048313494990,0.064050565960,0.011016481421,0.088141120703,0.082507626645,0.191622539595,0.027163720178,0.270159873955,0.267319521008,0.593199475147,0.080224232250,0.225033256423,0.051055811277,0.088107147092
2016-06,2016,0.175734169537,0.008211294838,0.053086948196,0.284622103586,0.026956609510,0.079257346284,0.092602652305,0.190688009017,0.101181053222,0.017100530326,0.034430648165,0.022934600538,0.018381936402,0.127862470137,0.256837608054,0.295940145764,0.048313494990,0.064050565960,0.011016481421,0.088141120703,0.082507626645,0.191622539595,0.027163720178,0.270159873955,0.267319521008,0.593199475147,0.080224232250,0.225033256423,0.051055811277,0.088107147092
2016-07,2016,0.175734169537,0.008211294838,0.053086948196,0.284622103586,0.026956609510,0.079257346284,0.092602652305,0.190688009017,0.101181053222,0.017100530326,0.034430648165,0.022934600538,0.018381936402,0.127862470137,0.256837608054,0.295940145764,0.048313494990,0.064050565960,0.011016481421,0.088141120703,0.082507626645,0.191622539595,0.027163720178,0.270159873955,0.267319521008,0.593199475147,0.080224232250,0.225033256423,0.051055811277,0.088107147092
2016-08,2016,0.175734169537,0.008211294838,0.053086948196,0.284622103586,0.026956609510,0.079257346284,0.092602652305,0.190688009017,0.101181053222,0.017100530326,0.034430648165,0.022934600538,0.018381936402,0.127862470137,0.256837608054,0.295940145764,0.048313494990,0.064050565960,0.011016481421,0.088141120703,0.082507626645,0.191622539595,0.027163720178,0.270159873955,0.267319521008,0.593199475147,0.080224232250,0.225033256423,0.051055811277,0.088107147092
2016-09,2016,0.175641834998,0.008206519532,0.053086948196,0.284645729013,0.027012118717,0.079256581794,0.092572622029,0.190607871468,0.101127342383,0.017093257106,0.034410624909,0.022984823402,0.018381936402,0.127820274101,0.256837608054,0.295845739043,0.048315109803,0.064020052183,0.011017961311,0.088141120703,0.082470770576,0.191575179621,0.027247438782,0.270176470320,0.267169826412,0.593303460944,0.080224232250,0.224928317722,0.051027618200,0.088079071835
2016-10,2016,0.175641834998,0.008206519532,0.053086948196,0.284645729013,0.027012118717,0.079256581794,0.092572622029,0.190607871468,0.101127342383,0.017093257106,0.034410624909,0.022984823402,0.018381936402,0.127820274101,0.256837608054,0.295845739043,0.048315109803,0.064020052183,0.011017961311,0.088141120703,0.082470770576,0.191575179621,0.027247438782,0.270176470320,0.267169826412,0.593303460944,0.080224232250,0.224928317722,0.051027618200,0.088079071835
2016-11,2016,0.175641834998,0.008206519532,0.053086948196,0.284645729013,0.027012118717,0.079256581794,0.092572622029,0.190607871468,0.101127342383,0.017093257106,0.034410624909,0.022984823402,0.018381936402,0.127820274101,0.256837608054,0.295845739043,0.048315109803,0.064020052183,0.011017961311,0.088141120703,0.082470770576,0.191575179621,0.027247438782,0.270176470320,0.267169826412,0.593303460944,0.080224232250,0.224928317722,0.051027618200,0.088079071835
2016-12,2016,0.175641834998,0.008206519532,0.053086948196,0.284645729013,0.027012118717,0.079256581794,0.092572622029,0.190607871468,0.101127342383,0.017093257106,0.034410624909,0.022984823402,0.018381936402,0.127820274101,0.256837608054,0.295845739043,0.048315109803,0.064020052183,0.011017961311,0.088141120703,0.082470770576,0.191575179621,0.027247438782,0.270176470320,0.267169826412,0.593303460944,0.080224232250,0.224928317722,0.051027618200,0.088079071835
2017-01,2017,0.196575212905,0.009113622716,0.053086948196,0.281535919053,0.025927370447,0.075164748017,0.075753672476,0.210518543825,0.113432327128,0.006480600404,0.038214184663,0.023925569495,0.018381936402,0.144524499107,0.256837608054,0.337121309368,0.016074184560,0.054466692088,0.025859912812,0.088141120703,0.092685622301,0.202339859929,0.028156690345,0.282476832757,0.296564045409,0.631822978389,0.080224232250,0.251418330920,0.055758056161,0.073657678092
2017-02,2017,0.196888902461,0.009130897856,0.053178171075,0.281399359063,0.025999586421,0.075396726316,0.075898466956,0.209098509044,0.113171713177,0.006489057681,0.037200279666,0.023797726273,0.018387874146,0.144634713685,0.256908124393,0.336881530986,0.016077395379,0.054555362241,0.025895880910,0.088141120703,0.092765552136,0.202948623699,0.027211681896,0.282681887204,0.296901253317,0.632491356585,0.080323804532,0.251840935129,0.055866676852,0.073803370632
2017-03,2017,0.196888902461,0.009130897856,0.053178171075,0.281399359063,0.025999586421,0.075396726316,0.075898466956,0.209098509044,0.113171713177,0.006489057681,0.037200279666,0.023797726273,0.018387874146,0.144634713685,0.256908124393,0.336881530986,0.016077395379,0.054555362241,0.025895880910,0.088141120703,0.092765552136,0.202948623699,0.027211681896,0.282681887204,0.296901253317,0.632491356585,0.080323804532,0.251840935129,0.055866676852,0.073803370632
2017-04,2017,0.196888902461,0.009130897856,0.053178171075,0.281399359063,0.025999586421,0.075396726316,0.075898466956,0.209098509044,0.113171713177,0.006489057681,0.037200279666,0.023797726273,0.018387874146,0.144634713685,0.256908124393,0.336881530986,0.016077395379,0.054555362241,0.025895880910,0.088141120703,0.092765552136,0.202948623699,0.027211681896,0.282681887204,0.296901253317,0.632491356585,0.080323804532,0.251840935129,0.055866676852,0.073803370632
2017-05,2017,0.196888902461,0.009130897856,0.053178171075,0.281399359063,0.025999586421,0.075396726316,0.075898466956,0.209098509044,0.113171713177,0.006489057681,0.037200279666,0.023797726273,0.018387874146,0.144634713685,0.256908124393,0.336881530986,0.016077395379,0.054555362241,0.025895880910,0.088141120703,0.092765552136,0.202948623699,0.027211681896,0.282681887204,0.296901253317,0.632491356585,0.080323804532,0.251840935129,0.055866676852,0.073803370632
2017-06,2017,0.196888902461,0.009130897856,0.053178171075,0.281399359063,0.025999586421,0.075396726316,0.075898466956,0.209098509044,0.113171713177,0.006489057681,0.037200279666,0.023797726273,0.018387874146,0.144634713685,0.256908124393,0.336881530986,0.016077395379,0.054555362241,0.025895880910,0.088141120703,0.092765552136,0.202948623699,0.027211681896,0.282681887204,0.296901253317,0.632491356585,0.080323804532,0.251840935129,0.055866676852,0.073803370632
2017-07,2017,0.196888902461,0.009130897856,0.053178171075,0.281399359063,0.025999586421,0.075396726316,0.075898466956,0.209098509044,0.113171713177,0.006489057681,0.037200279666,0.023797726273,0.018387874146,0.144634713685,0.256908124393,0.336881530986,0.016077395379,0.054555362241,0.025895880910,0.088141120703,0.092765552136,0.202948623699,0.027211681896,0.282681887204,0.296901253317,0.632491356585,0.080323804532,0.251840935129,0.055866676852,0.073803370632
2017-08,2017,0.196888902461,0.009130897856,0.053178171075,0.281399359063,0.025999586421,0.075396726316,0.075898466956,0.209098509044,0.113171713177,0.006489057681,0.037200279666,0.023797726273,0.018387874146,0.144634713685,0.256908124393,0.336881530986,0.016077395379,0.054555362241,0.025895880910,0.088141120703,0.092765552136,0.202948623699,0.027211681896,0.282681887204,0.296901253317,0.632491356585,0.080323804532,0.251840935129,0.055866676852,0.073803370632
2017-09,2017,0.196888902461,0.009130897856,0.053178171075,0.281399359063,0.025999586421,0.075396726316,0.075898466956,0.209098509044,0.113171713177,0.006489057681,0.037200279666,0.023797726273,0.018387874146,0.144634713685,0.256908124393,0.336881530986,0.016077395379,0.054555362241,0.025895880910,0.088141120703,0.092765552136,0.202948623699,0.027211681896,0.282681887204,0.296901253317,0.632491356585,0.080323804532,0.251840935129,0.055866676852,0.073803370632
2017-10,2017,0.196888902461,0.009130897856,0.053178171075,0.281399359063,0.025999586421,0.075396726316,0.075898466956,0.209098509044,0.113171713177,0.006489057681,0.037200279666,0.023797726273,0.018387874146,0.144634713685,0.256908124393,0.336881530986,0.016077395379,0.054555362241,0.025895880910,0.088141120703,0.092765552136,0.202948623699,0.027211681896,0.282681887204,0.296901253317,0.632491356585,0.080323804532,0.251840935129,0.055866676852,0.073803370632
2017-11,2017,0.196888902461,0.009130897856,0.053178171075,0.281399359063,0.025999586421,0.075396726316,0.075898466956,0.209098509044,0.113171713177,0.006489057681,0.037200279666,0.023797726273,0.018387874146,0.144634713685,0.256908124393,0.336881530986,0.016077395379,0.054555362241,0.025895880910,0.088141120703,0.092765552136,0.202948623699,0.027211681896,0.282681887204,0.296901253317,0.632491356585,0.080323804532,0.251840935129,0.055866676852,0.073803370632
2017-12,2017,0.196888902461,0.009130897856,0.053178171075,0.281399359063,0.025999586421,0.075396726316,0.075898466956,0.209098509044,0.113171713177,0.006489057681,0.037200279666,0.023797726273,0.018387874146,0.144634713685,0.256908124393,0.336881530986,0.016077395379,0.054555362241,0.025895880910,0.088141120703,0.092765552136,0.202948623699,0.027211681896,0.282681887204,0.296901253317,0.632491356585,0.080323804532,0.251840935129,0.055866676852,0.073803370632
2018-01,2018,0.196888902461,0.009130897856,0.053178171075,0.281399359063,0.025999586421,0.075396726316,0.075898466956,0.209098509044,0.113171713177,0.006489057681,0.037200279666,0.023797726273,0.018387874146,0.144634713685,0.256908124393,0.336881530986,0.016077395379,0.054555362241,0.025895880910,0.088141120703,0.092765552136,0.202948623699,0.027211681896,0.282681887204,0.296901253317,0.632491356585,0.080323804532,0.251840935129,0.055866676852,0.073803370632
2018-02,2018,0.196888902461,0.009130897856,0.053178171075,0.281399359063,0.025999586421,0.075396726316,0.075898466956,0.209098509044,0.113171713177,0.006489057681,0.037200279666,0.023797726273,0.018387874146,0.144634713685,0.256908124393,0.336881530986,0.016077395379,0.054555362241,0.025895880910,0.088141120703,0.092765552136,0.202948623699,0.027211681896,0.282681887204,0.296901253317,0.632491356585,0.080323804532,0.251840935129,0.055866676852,0.073803370632
2018-03,2018,0.196888902461,0.009130897856,0.053178171075,0.281399359063,0.025999586421,0.075396726316,0.075898466956,0.209098509044,0.113171713177,0.006489057681,0.037200279666,0.023797726273,0.018387874146,0.144634713685,0.256908124393,0.336881530986,0.016077395379,0.054555362241,0.025895880910,0.088141120703,0.092765552136,0.202948623699,0.027211681896,0.282681887204,0.296901253317,0.632491356585,0.080323804532,0.251840935129,0.055866676852,0.073803370632
2018-04,2018,0.196888902461,0.009130897856,0.053178171075,0.281399359063,0.025999586421,0.075396726316,0.075898466956,0.209098509044,0.113171713177,0.006489057681,0.037200279666,0.023797726273,0.018387874146,0.144634713685,0.256908124393,0.336881530986,0.016077395379,0.054555362241,0.025895880910,0.088141120703,0.092765552136,0.202948623699,0.027211681896,0.282681887204,0.296901253317,0.632491356585,0.080323804532,0.251840935129,0.055866676852,0.073803370632
2018-05,2018,0.196888902461,0.009130897856,0.053178171075,0.281399359063,0.025999586421,0.075396726316,0.075898466956,0.209098509044,0.113171713177,0.006489057681,0.037200279666,0.023797726273,0.018387874146,0.144634713685,0.256908124393,0.336881530986,0.016077395379,0.054555362241,0.025895880910,0.088141120703,0.092765552136,0.202948623699,0.027211681896,0.282681887204,0.296901253317,0.632491356585,0.080323804532,0.251840935129,0.055866676852,0.073803370632
2018-06,2018,0.196888902461,0.009130897856,0.053178171075,0.281399359063,0.025999586421,0.075396726316,0.075898466956,0.209098509044,0.113171713177,0.006489057681,0.037200279666,0.023797726273,0.018387874146,0.144634713685,0.256908124393,0.336881530986,0.016077395379,0.054555362241,0.025895880910,0.088141120703,0.092765552136,0.202948623699,0.027211681896,0.282681887204,0.296901253317,0.632491356585,0.080323804532,0.251840935129,0.055866676852,0.073803370632
2018-07,2018,0.196888902461,0.009130897856,0.053178171075,0.281399359063,0.025999586421,0.075396726316,0.075898466956,0.209098509044,0.113171713177,0.006489057681,0.037200279666,0.023797726273,0.018387874146,0.144634713685,0.256908124393,0.336881530986,0.016077395379,0.054555362241,0.025895880910,0.088141120703,0.092765552136,0.202948623699,0.027211681896,0.282681887204,0.296901253317,0.632491356585,0.080323804532,0.251840935129,0.055866676852,0.073803370632
2018-08,2018,0.196888902461,0.009130897856,0.053178171075,0.281399359063,0.025999586421,0.075396726316,0.075898466956,0.209098509044,0.113171713177,0.006489057681,0.037200279666,0.023797726273,0.018387874146,0.144634713685,0.256908124393,0.336881530986,0.016077395379,0.054555362241,0.025895880910,0.088141120703,0.092765552136,0.202948623699,0.027211681896,0.282681887204,0.296901253317,0.632491356585,0.080323804532,0.251840935129,0.055866676852,0.073803370632
2018-09,2018,0.196888902461,0.009130897856,0.053178171075,0.281399359063,0.025999586421,0.075396726316,0.075898466956,0.209098509044,0.113171713177,0.006489057681,0.037200279666,0.023797726273,0.018387874146,0.144634713685,0.256908124393,0.336881530986,0.016077395379,0.054555362241,0.025895880910,0.088141120703,0.092765552136,0.202948623699,0.027211681896,0.282681887204,0.296901253317,0.632491356585,0.080323804532,0.251840935129,0.055866676852,0.073803370632
2018-10,2018,0.196888902461,0.009130897856,0.053178171075,0.281399359063,0.025999586421,0.075396726316,0.075898466956,0.209098509044,0.113171713177,0.006489057681,0.037200279666,0.023797726273,0.018387874146,0.144634713685,0.256908124393,0.336881530986,0.016077395379,0.054555362241,0.025895880910,0.088141120703,0.092765552136,0.202948623699,0.027211681896,0.282681887204,0.296901253317,0.632491356585,0.080323804532,0.251840935129,0.055866676852,0.073803370632
2018-11,2018,0.196888902461,0.009130897856,0.053178171075,0.281399359063,0.025999586421,0.075396726316,0.075898466956,0.209098509044,0.113171713177,0.006489057681,0.037200279666,0.023797726273,0.018387874146,0.144634713685,0.256908124393,0.336881530986,0.016077395379,0.054555362241,0.025895880910,0.088141120703,0.092765552136,0.202948623699,0.027211681896,0.282681887204,0.296901253317,0.632491356585,0.080323804532,0.251840935129,0.055866676852,0.073803370632
2018-12,2018,0.196888902461,0.009130897856,0.053178171075,0.281399359063,0.025999586421,0.075396726316,0.075898466956,0.209098509044,0.113171713177,0.006489057681,0.037200279666,0.023797726273,0.018387874146,0.144634713685,0.256908124393,0.336881530986,0.016077395379,0.054555362241,0.025895880910,0.088141120703,0.092765552136,0.202948623699,0.027211681896,0.282681887204,0.296901253317,0.632491356585,0.080323804532,0.251840935129,0.055866676852,0.073803370632
2019-01,2019,0.196872343751,0.009122521017,0.053227028274,0.281256682142,0.026001750468,0.075328587449,0.075832373487,0.209247003935,0.113226851839,0.006482475428,0.037257122670,0.023799215634,0.018408724429,0.144607491065,0.256811386108,0.336919314392,0.016077620142,0.054560979573,0.026026305744,0.088141120714,0.092838767260,0.202898817581,0.027213418437,0.282618254182,0.297055359714,0.632707290692,0.080397512206,0.251567815427,0.055863798539,0.073745737678
2019-02,2019,0.196872343751,0.009122521017,0.053227028274,0.281256682142,0.026001750468,0.075328587449,0.075832373487,0.209247003935,0.113226851839,0.006482475428,0.037257122670,0.023799215634,0.018408724429,0.144607491065,0.256811386108,0.336919314392,0.016077620142,0.054560979573,0.026026305744,0.088141120714,0.092838767260,0.202898817581,0.027213418437,0.282618254182,0.297055359714,0.632707290692,0.080397512206,0.251567815427,0.055863798539,0.073745737678
2019-03,2019,0.196872343751,0.009122521017,0.053227028274,0.281256682142,0.026001750468,0.075328587449,0.075832373487,0.209247003935,0.113226851839,0.006482475428,0.037257122670,0.023799215634,0.018408724429,0.144607491065,0.256811386108,0.336919314392,0.016077620142,0.054560979573,0.026026305744,0.088141120714,0.092838767260,0.202898817581,0.027213418437,0.282618254182,0.297055359714,0.632707290692,0.080397512206,0.251567815427,0.055863798539,0.073745737678
2019-04,2019,0.196872343751,0.009122521017,0.053227028274,0.281256682142,0.026001750468,0.075328587449,0.075832373487,0.209247003935,0.113226851839,0.006482475428,0.037257122670,0.023799215634,0.018408724429,0.144607491065,0.256811386108,0.336919314392,0.016077620142,0.054560979573,0.026026305744,0.088141120714,0.092838767260,0.202898817581,0.027213418437,0.282618254182,0.297055359714,0.632707290692,0.080397512206,0.251567815427,0.055863798539,0.073745737678
2019-05,2019,0.196872343751,0.009122521017,0.053227028274,0.281256682142,0.026001750468,0.075328587449,0.075832373487,0.209247003935,0.113226851839,0.006482475428,0.037257122670,0.023799215634,0.018408724429,0.144607491065,0.256811386108,0.336919314392,0.016077620142,0.054560979573,0.026026305744,0.088141120714,0.092838767260,0.202898817581,0.027213418437,0.282618254182,0.297055359714,0.632707290692,0.080397512206,0.251567815427,0.055863798539,0.073745737678
2019-06,2019,0.196872343751,0.009122521017,0.053227028274,0.281256682142,0.026001750468,0.075328587449,0.075832373487,0.209247003935,0.113226851839,0.006482475428,0.037257122670,0.023799215634,0.018408724429,0.144607491065,0.256811386108,0.336919314392,0.016077620142,0.054560979573,0.026026305744,0.088141120714,0.092838767260,0.202898817581,0.027213418437,0.282618254182,0.297055359714,0.632707290692,0.080397512206,0.251567815427,0.055863798539,0.073745737678
2019-07,2019,0.196872343751,0.009122521017,0.053227028274,0.281256682142,0.026001750468,0.075328587449,0.075832373487,0.209247003935,0.113226851839,0.006482475428,0.037257122670,0.023799215634,0.018408724429,0.144607491065,0.256811386108,0.336919314392,0.016077620142,0.054560979573,0.026026305744,0.088141120714,0.092838767260,0.202898817581,0.027213418437,0.282618254182,0.297055359714,0.632707290692,0.080397512206,0.251567815427,0.055863798539,0.073745737678
2019-08,2019,0.196872343751,0.009122521017,0.053227028274,0.281256682142,0.026001750468,0.075328587449,0.075832373487,0.209247003935,0.113226851839,0.006482475428,0.037257122670,0.023799215634,0.018408724429,0.144607491065,0.256811386108,0.336919314392,0.016077620142,0.054560979573,0.026026305744,0.088141120714,0.092838767260,0.202898817581,0.027213418437,0.282618254182,0.297055359714,0.632707290692,0.080397512206,0.251567815427,0.055863798539,0.073745737678
2019-09,2019,0.196872343751,0.009122521017,0.053227028274,0.281256682142,0.026001750468,0.075328587449,0.075832373487,0.209247003935,0.113226851839,0.006482475428,0.037257122670,0.023799215634,0.018408724429,0.144607491065,0.256811386108,0.336919314392,0.016077620142,0.054560979573,0.026026305744,0.088141120714,0.092838767260,0.202898817581,0.027213418437,0.282618254182,0.297055359714,0.632707290692,0.080397512206,0.251567815427,0.055863798539,0.073745737678
2019-10,2019,0.196872343751,0.009122521017,0.053227028274,0.281256682142,0.026001750468,0.075328587449,0.075832373487,0.209247003935,0.113226851839,0.006482475428,0.037257122670,0.023799215634,0.018408724429,0.144607491065,0.256811386108,0.336919314392,0.016077620142,0.054560979573,0.026026305744,0.088141120714,0.092838767260,0.202898817581,0.027213418437,0.282618254182,0.297055359714,0.632707290692,0.080397512206,0.251567815427,0.055863798539,0.073745737678
2019-11,2019,0.196872343751,0.009122521017,0.053227028274,0.281256682142,0.026001750468,0.075328587449,0.075832373487,0.209247003935,0.113226851839,0.006482475428,0.037257122670,0.023799215634,0.018408724429,0.144607491065,0.256811386108,0.336919314392,0.016077620142,0.054560979573,0.026026305744,0.088141120714,0.092838767260,0.202898817581,0.027213418437,0.282618254182,0.297055359714,0.632707290692,0.080397512206,0.251567815427,0.055863798539,0.073745737678
2019-12,2019,0.196872343751,0.009122521017,0.053227028274,0.281256682142,0.026001750468,0.075328587449,0.075832373487,0.209247003935,0.113226851839,0.006482475428,0.037257122670,0.023799215634,0.018408724429,0.144607491065,0.256811386108,0.336919314392,0.016077620142,0.054560979573,0.026026305744,0.088141120714,0.092838767260,0.202898817581,0.027213418437,0.282618254182,0.297055359714,0.632707290692,0.080397512206,0.251567815427,0.055863798539,0.073745737678