pauc,pinn,levi,cram,alut,ento,rube,auro,rufu,mela,omus,ctus,myst,auri,guta,good,nebu,caur,diac,carn,chlo,elon,alti,zace,jord,dipl,cons,saxi,mini,flav
-0.08902827195,-0.01135762411,-0.01698579115,0.08596891673,0.00799669534,0.05149825914,0.05178224671,-0.00228218652,-0.02809899943,0.03880781499,-0.03946253463,0.01020756138,-0.03547714411,-0.13224795194,-0.27953739566,-0.15127858657,0.02691688265,0.00318461821,-0.01321279864,-0.07776641460,-0.05272113188,0.14342967360,-0.43312568256,0.03816416746,-0.10655251259,0.09702562669,-0.05942119485,0.02312896231,-0.03027851961,0.04877612339
-0.11920270077,-0.01142552141,-0.01546228389,0.23847208491,0.03209896659,0.05758861261,-0.00786546326,0.19240844462,-0.02554446936,-0.05230071893,-0.02119481492,0.06422614805,-0.03671509830,-0.16514065304,-0.27953739566,-0.11377224896,-0.10128794400,-0.11980050934,-0.06335239680,-0.07346289772,-0.05312973987,0.20686594913,-0.40497015630,0.20612310199,-0.09852439036,0.43335946682,-0.05970955406,0.13479214456,-0.06986085874,-0.02036936602
-0.11920270077,-0.01142552141,-0.01546228389,0.23847208491,0.03209896659,0.05758861261,-0.00786546326,0.19240844462,-0.02554446936,-0.05230071893,-0.02119481492,0.06422614805,-0.03671509830,-0.16514065304,-0.27953739566,-0.11377224896,-0.10128794400,-0.11980050934,-0.06335239680,-0.07346289772,-0.05312973987,0.20686594913,-0.40497015630,0.20612310199,-0.09852439036,0.43335946682,-0.05970955406,0.13479214456,-0.06986085874,-0.02036936602
-0.11920270077,-0.01142552141,-0.01546228389,0.23847208491,0.03209896659,0.05758861261,-0.00786546326,0.19240844462,-0.02554446936,-0.05230071893,-0.02119481492,0.06422614805,-0.03671509830,-0.16514065304,-0.27953739566,-0.11377224896,-0.10128794400,-0.11980050934,-0.06335239680,-0.07346289772,-0.05312973987,0.20686594913,-0.40497015630,0.20612310199,-0.09852439036,0.43335946682,-0.05970955406,0.13479214456,-0.06986085874,-0.02036936602
0.05368051942,0.01579661265,0.02142815600,0.13417262530,0.01228164469,0.01249887239,-0.01485232146,0.09047775780,0.03609128240,-0.05581543214,-0.00851430210,0.02026839872,-0.02711026192,0.04333440791,-0.01605675782,0.18318792414,-0.10356273850,-0.06789772773,-0.05635356932,-0.01476672576,0.05221689888,0.05517390842,-0.40962018362,0.10170200421,0.10720133506,0.27364008139,0.01088988786,0.09702803356,-0.00117895361,-0.01941900890
0.06659376358,0.01873549986,0.02478658097,0.14089014051,0.01369800163,0.01556705806,-0.00912726647,0.06272418959,0.03566012930,-0.05550713783,-0.01919478597,0.01689175366,-0.02712353142,0.04671793321,-0.01624774720,0.17981766644,-0.10334308069,-0.06464007921,-0.05635214406,-0.01402396209,0.05584584082,0.06502273445,-0.45838549228,0.10609203275,0.12117887234,0.27536235065,0.01086659247,0.10167033679,0.00375871105,-0.01389198905
0.04120232635,0.01216362340,0.02108026689,0.14761082419,0.01394146553,0.01373300505,-0.01978636715,0.10751927842,0.03186595604,-0.05647016526,-0.00908879113,0.02649882439,-0.02674382653,0.03293245050,-0.01422652278,0.17530253730,-0.11346664501,-0.07384640756,-0.05671169132,-0.00864646269,0.04826735191,0.06156001530,-0.43051234113,0.10712048881,0.10509169373,0.30488154144,0.01311075858,0.09825155723,-0.00757928914,-0.02442473597
0.04120232635,0.01216362340,0.02108026689,0.14761082419,0.01394146553,0.01373300505,-0.01978636715,0.10751927842,0.03186595604,-0.05647016526,-0.00908879113,0.02649882439,-0.02674382653,0.03293245050,-0.01422652278,0.17530253730,-0.11346664501,-0.07384640756,-0.05671169132,-0.00864646269,0.04826735191,0.06156001530,-0.43051234113,0.10712048881,0.10509169373,0.30488154144,0.01311075858,0.09825155723,-0.00757928914,-0.02442473597
-0.00208857664,0.00252640118,0.00979517821,0.14674911969,0.00619599724,0.05573158898,0.05848580526,-0.00028808421,0.01957525299,-0.02608917958,-0.01969616131,-0.00549151331,-0.03125185454,-0.05043141175,-0.02395782959,0.03786386850,-0.07447845219,-0.04246791020,-0.05912740314,-0.01705339469,0.00375979176,0.15039751549,-0.49586915546,0.06756800604,0.03334346967,0.13380818170,0.01004285827,0.07187180957,-0.00979209591,0.05181434950
-0.00208857664,0.00252640118,0.00979517821,0.14674911969,0.00619599724,0.05573158898,0.05848580526,-0.00028808421,0.01957525299,-0.02608917958,-0.01969616131,-0.00549151331,-0.03125185454,-0.05043141175,-0.02395782959,0.03786386850,-0.07447845219,-0.04246791020,-0.05912740314,-0.01705339469,0.00375979176,0.15039751549,-0.49586915546,0.06756800604,0.03334346967,0.13380818170,0.01004285827,0.07187180957,-0.00979209591,0.05181434950
0.02342261514,0.00771122139,0.01860987825,0.17903344021,0.00938181385,0.05048885136,0.01898081150,0.04368453378,0.03234310062,-0.05184295878,-0.00852381357,-0.00116785075,-0.02831696430,-0.01850869609,-0.02395782959,0.11006944839,-0.11325048651,-0.07419073229,-0.06045797333,-0.00890878385,0.02474250782,0.14231331657,-0.49482234133,0.10401257687,0.09295392864,0.23790446340,0.01032231361,0.11073176913,-0.01387579930,0.01278194140
0.02342261514,0.00771122139,0.01860987825,0.17903344021,0.00938181385,0.05048885136,0.01898081150,0.04368453378,0.03234310062,-0.05184295878,-0.00852381357,-0.00116785075,-0.02831696430,-0.01850869609,-0.02395782959,0.11006944839,-0.11325048651,-0.07419073229,-0.06045797333,-0.00890878385,0.02474250782,0.14231331657,-0.49482234133,0.10401257687,0.09295392864,0.23790446340,0.01032231361,0.11073176913,-0.01387579930,0.01278194140
-0.00872491638,0.00346467115,0.00877854793,0.15213814772,0.00681415252,0.06213746350,0.06828936248,0.00033122841,0.02268530638,-0.02396562952,-0.02179960376,-0.00486600343,-0.03100239034,-0.06129757482,-0.03615119146,0.02357943955,-0.07076659768,-0.04225643464,-0.05912740314,-0.02024375697,-0.00526999263,0.16579079493,-0.50579751000,0.07656749334,0.02627355028,0.13313458790,0.00213426054,0.08078329720,-0.01183146720,0.06117490799
-0.00872491638,0.00346467115,0.00877854793,0.15213814772,0.00681415252,0.06213746350,0.06828936248,0.00033122841,0.02268530638,-0.02396562952,-0.02179960376,-0.00486600343,-0.03100239034,-0.06129757482,-0.03615119146,0.02357943955,-0.07076659768,-0.04225643464,-0.05912740314,-0.02024375697,-0.00526999263,0.16579079493,-0.50579751000,0.07656749334,0.02627355028,0.13313458790,0.00213426054,0.08078329720,-0.01183146720,0.06117490799
0.01372771730,0.00990143766,0.00138442853,0.04194277171,0.00209382272,0.02363959018,0.02757996762,-0.02067461145,0.01461265753,0.00593605389,-0.02943490854,-0.00819782014,0.00225045611,-0.00699770844,-0.00585490022,-0.01881628095,0.00363785966,0.01015129782,-0.00001171082,0.00135164879,-0.00965242793,0.06526810845,-0.50790205660,0.02083442457,0.02100532563,0.09636960586,-0.01393279736,0.01899568527,0.00757520667,0.02729034354
0.01651234224,0.01046926798,0.00180728054,0.03939681918,0.00181205296,0.02486933778,0.03033663581,-0.03559222563,0.01354946913,0.00732334305,-0.03171997485,-0.01022958005,0.00222061998,-0.00618238111,-0.00569659234,-0.02116729957,0.00364892008,0.01301287995,-0.00004105322,0.00135184707,-0.00884931362,0.06717499204,-0.50923031720,0.01833863685,0.01984999838,0.07586434095,-0.01354449905,0.01856251718,0.00929336618,0.02996290941
-0.00034260183,0.00089617108,0.02953438372,0.24298818582,0.01474351423,0.08983228183,0.04990459664,0.02216019738,0.02520333175,-0.05013321975,-0.02154011875,0.00082928220,-0.03604182276,-0.09347951370,-0.23885789003,0.04703843480,-0.12396203339,-0.09505132639,-0.06362250345,-0.08426631897,0.01559473484,0.24662413818,-0.52058561305,0.16834983416,0.12371067487,0.24546357531,-0.00452142041,0.18474902399,-0.03737508056,0.04127445143
0.00021258134,0.00088576910,0.02983319651,0.24314054388,0.01472799009,0.08972981759,0.04980321144,0.02191550207,0.02518594025,-0.05014507521,-0.02148842938,0.00081201634,-0.03604322057,-0.09326653907,-0.23905109238,0.04752849957,-0.12397163514,-0.09502925971,-0.06362250345,-0.08424308379,0.01610377611,0.24636530061,-0.52062357442,0.16815875874,0.12403774614,0.24513684578,-0.00445423345,0.18456430788,-0.03730191771,0.04118618261
-0.01644765628,-0.00205329928,0.01931814281,0.21463977967,0.00986026840,0.09563237860,0.08341401828,-0.01175461084,0.01630615853,-0.03075921933,-0.02820168806,-0.00389161903,-0.03633942321,-0.10115553173,-0.23899304558,0.00219311735,-0.09853288365,-0.06323889612,-0.06125332898,-0.08534217860,-0.00015853822,0.25320612496,-0.52100510785,0.11682458605,0.06548000183,0.14765565116,-0.00465027105,0.13400611929,-0.02786623580,0.07472427247
-0.01644765628,-0.00205329928,0.01931814281,0.21463977967,0.00986026840,0.09563237860,0.08341401828,-0.01175461084,0.01630615853,-0.03075921933,-0.02820168806,-0.00389161903,-0.03633942321,-0.10115553173,-0.23899304558,0.00219311735,-0.09853288365,-0.06323889612,-0.06125332898,-0.08534217860,-0.00015853822,0.25320612496,-0.52100510785,0.11682458605,0.06548000183,0.14765565116,-0.00465027105,0.13400611929,-0.02786623580,0.07472427247
-0.01239993178,-0.00679710961,0.01220250862,0.18949223719,0.00763145846,0.10397211408,0.09328650744,-0.04917236346,0.01220452918,-0.02693841079,-0.03259994362,-0.01356116921,-0.02962072512,-0.08652066592,-0.02236694995,-0.02087677536,-0.09949267037,-0.04397706381,-0.05951924940,-0.00782975402,-0.00581295212,0.26787491730,-0.53301439729,0.09997193398,0.03033388895,0.09916617125,0.01913814460,0.12140758504,-0.01810620770,0.08426813431
-0.01239993178,-0.00679710961,0.01220250862,0.18949223719,0.00763145846,0.10397211408,0.09328650744,-0.04917236346,0.01220452918,-0.02693841079,-0.03259994362,-0.01356116921,-0.02962072512,-0.08652066592,-0.02236694995,-0.02087677536,-0.09949267037,-0.04397706381,-0.05951924940,-0.00782975402,-0.00581295212,0.26787491730,-0.53301439729,0.09997193398,0.03033388895,0.09916617125,0.01913814460,0.12140758504,-0.01810620770,0.08426813431
0.01025284633,-0.00499220417,0.02304436346,0.21296707328,0.01240902029,0.10039469874,0.05776343174,-0.02219576245,0.02191877115,-0.04821085261,-0.02599688756,-0.01185449272,-0.02461657562,-0.07139047750,-0.02236694995,0.02101891232,-0.11565108351,-0.07347887602,-0.06038050072,-0.00724928400,0.01189806493,0.26546988260,-0.53359635336,0.15444444742,0.09266544110,0.20240850528,0.01963750993,0.17800292458,-0.02506989696,0.04891720045
0.01025284633,-0.00499220417,0.02304436346,0.21296707328,0.01240902029,0.10039469874,0.05776343174,-0.02219576245,0.02191877115,-0.04821085261,-0.02599688756,-0.01185449272,-0.02461657562,-0.07139047750,-0.02236694995,0.02101891232,-0.11565108351,-0.07347887602,-0.06038050072,-0.00724928400,0.01189806493,0.26546988260,-0.53359635336,0.15444444742,0.09266544110,0.20240850528,0.01963750993,0.17800292458,-0.02506989696,0.04891720045
0.02244334711,0.00387410062,0.03733761317,0.23709856028,0.01147899918,0.10021556285,0.06774057774,-0.02625940803,0.03149777315,-0.04815604387,-0.02403439761,-0.01232727112,-0.03448342128,-0.08487020862,-0.23891522213,0.05835515169,-0.10890621282,-0.08768011753,-0.06095774238,-0.07174850960,0.02578416395,0.25938111702,-0.53425125335,0.15541405616,0.15629399789,0.17835627972,-0.00439623861,0.19951724488,-0.03014791976,0.05918237995
0.01126605206,0.00897546535,0.00064356982,0.04722326061,0.00335161252,0.02281263798,0.02478050937,-0.00673403956,0.00922019599,0.00614421850,-0.03120842295,0.00188742578,0.00167737291,-0.00417016277,-0.00074936582,-0.02043635598,0.00302994999,0.00990216301,-0.00006914762,0.00078512142,-0.00779439656,0.06637668966,-0.45350487500,0.01922757330,0.00685040787,0.09085519740,-0.01075761340,0.01782541375,0.00676835684,0.02440837242
0.01126605206,0.00897546535,0.00064356982,0.04722326061,0.00335161252,0.02281263798,0.02478050937,-0.00673403956,0.00922019599,0.00614421850,-0.03120842295,0.00188742578,0.00167737291,-0.00417016277,-0.00074936582,-0.02043635598,0.00302994999,0.00990216301,-0.00006914762,0.00078512142,-0.00779439656,0.06637668966,-0.45350487500,0.01922757330,0.00685040787,0.09085519740,-0.01075761340,0.01782541375,0.00676835684,0.02440837242
0.01126605206,0.00897546535,0.00064356982,0.04722326061,0.00335161252,0.02281263798,0.02478050937,-0.00673403956,0.00922019599,0.00614421850,-0.03120842295,0.00188742578,0.00167737291,-0.00417016277,-0.00074936582,-0.02043635598,0.00302994999,0.00990216301,-0.00006914762,0.00078512142,-0.00779439656,0.06637668966,-0.45350487500,0.01922757330,0.00685040787,0.09085519740,-0.01075761340,0.01782541375,0.00676835684,0.02440837242
0.00470230852,0.00174957440,0.03086760144,0.24057812669,0.01448645617,0.09129561336,0.05315365686,0.01285287004,0.02575846095,-0.04950653075,-0.02329316901,-0.00150086587,-0.03443185547,-0.09012849716,-0.23809939634,0.04825456335,-0.10903724356,-0.09241061086,-0.06093999144,-0.07078033218,0.01797410691,0.24991432219,-0.52354914670,0.16584751819,0.12747274235,0.23501264063,-0.00318963051,0.18477772535,-0.03477302797,0.04478231669
0.00470230852,0.00174957440,0.03086760144,0.24057812669,0.01448645617,0.09129561336,0.05315365686,0.01285287004,0.02575846095,-0.04950653075,-0.02329316901,-0.00150086587,-0.03443185547,-0.09012849716,-0.23809939634,0.04825456335,-0.10903724356,-0.09241061086,-0.06093999144,-0.07078033218,0.01797410691,0.24991432219,-0.52354914670,0.16584751819,0.12747274235,0.23501264063,-0.00318963051,0.18477772535,-0.03477302797,0.04478231669
0.02082252990,-0.00359647043,0.02598331054,0.18228499307,0.02052209714,0.03652953288,-0.01838087970,0.11280827846,0.03974746322,-0.05813590375,-0.00830046884,0.01308331463,-0.01862585773,-0.04450920125,-0.02246726713,0.10191210117,-0.11399310264,-0.08815532863,-0.04015285346,-0.00711029461,0.02673489187,0.12870431419,-0.51116823274,0.21453378835,0.14394565291,0.47600445458,0.01786859964,0.17122830269,-0.02629119939,-0.02451739341
0.02069477227,-0.00360138495,0.02596405648,0.18233913118,0.02051458994,0.03656381629,-0.01834872346,0.11288745638,0.03970030023,-0.05813128198,-0.00827903030,0.01309319511,-0.01877722327,-0.04464893600,-0.02237876096,0.10180500064,-0.11401393248,-0.08819071006,-0.04027428736,-0.00714291319,0.02669771932,0.12885208922,-0.51104673256,0.21448690488,0.14382642518,0.47580253795,0.01784860463,0.17115183839,-0.02635198960,-0.02449122193
0.02504560690,-0.00339933917,0.02739592258,0.17939440163,0.02114916283,0.03830545841,-0.01650428163,0.09973948578,0.03672984320,-0.05796441946,-0.01177558060,0.01235203851,-0.01877360190,-0.04204850598,-0.02237876096,0.09686400513,-0.11401393248,-0.08666046284,-0.04025641387,-0.00714291319,0.02934755505,0.13445353052,-0.51209206019,0.21295314348,0.14465790099,0.46639131919,0.01973057564,0.17041087924,-0.02484092891,-0.02268035203
0.02504560690,-0.00339933917,0.02739592258,0.17939440163,0.02114916283,0.03830545841,-0.01650428163,0.09973948578,0.03672984320,-0.05796441946,-0.01177558060,0.01235203851,-0.01877360190,-0.04204850598,-0.02237876096,0.09686400513,-0.11401393248,-0.08666046284,-0.04025641387,-0.00714291319,0.02934755505,0.13445353052,-0.51209206019,0.21295314348,0.14465790099,0.46639131919,0.01973057564,0.17041087924,-0.02484092891,-0.02268035203
0.02504560690,-0.00339933917,0.02739592258,0.17939440163,0.02114916283,0.03830545841,-0.01650428163,0.09973948578,0.03672984320,-0.05796441946,-0.01177558060,0.01235203851,-0.01877360190,-0.04204850598,-0.02237876096,0.09686400513,-0.11401393248,-0.08666046284,-0.04025641387,-0.00714291319,0.02934755505,0.13445353052,-0.51209206019,0.21295314348,0.14465790099,0.46639131919,0.01973057564,0.17041087924,-0.02484092891,-0.02268035203
0.02504560690,-0.00339933917,0.02739592258,0.17939440163,0.02114916283,0.03830545841,-0.01650428163,0.09973948578,0.03672984320,-0.05796441946,-0.01177558060,0.01235203851,-0.01877360190,-0.04204850598,-0.02237876096,0.09686400513,-0.11401393248,-0.08666046284,-0.04025641387,-0.00714291319,0.02934755505,0.13445353052,-0.51209206019,0.21295314348,0.14465790099,0.46639131919,0.01973057564,0.17041087924,-0.02484092891,-0.02268035203
0.02504560690,-0.00339933917,0.02739592258,0.17939440163,0.02114916283,0.03830545841,-0.01650428163,0.09973948578,0.03672984320,-0.05796441946,-0.01177558060,0.01235203851,-0.01877360190,-0.04204850598,-0.02237876096,0.09686400513,-0.11401393248,-0.08666046284,-0.04025641387,-0.00714291319,0.02934755505,0.13445353052,-0.51209206019,0.21295314348,0.14465790099,0.46639131919,0.01973057564,0.17041087924,-0.02484092891,-0.02268035203
-0.00571366197,0.00851716876,0.00145067837,0.05790995558,0.00393956593,0.02537651360,0.02977717193,0.01084059745,0.01064427433,0.01038736952,-0.02456122075,0.00206069775,-0.01047254097,-0.03507669320,-0.17713867965,-0.01671019747,0.02317966177,0.00022128119,0.00186112638,-0.01642675080,-0.01162079215,0.07501542904,-0.45572166584,0.02540219662,0.01271972508,0.11905379069,-0.01938862048,0.02299542312,-0.00174065081,0.02961055740
-0.00571366197,0.00851716876,0.00145067837,0.05790995558,0.00393956593,0.02537651360,0.02977717193,0.01084059745,0.01064427433,0.01038736952,-0.02456122075,0.00206069775,-0.01047254097,-0.03507669320,-0.17713867965,-0.01671019747,0.02317966177,0.00022128119,0.00186112638,-0.01642675080,-0.01162079215,0.07501542904,-0.45572166584,0.02540219662,0.01271972508,0.11905379069,-0.01938862048,0.02299542312,-0.00174065081,0.02961055740
-0.00571366197,0.00851716876,0.00145067837,0.05790995558,0.00393956593,0.02537651360,0.02977717193,0.01084059745,0.01064427433,0.01038736952,-0.02456122075,0.00206069775,-0.01047254097,-0.03507669320,-0.17713867965,-0.01671019747,0.02317966177,0.00022128119,0.00186112638,-0.01642675080,-0.01162079215,0.07501542904,-0.45572166584,0.02540219662,0.01271972508,0.11905379069,-0.01938862048,0.02299542312,-0.00174065081,0.02961055740
0.00471850750,0.00175389795,0.03087674557,0.24058639392,0.01448550662,0.09128792575,0.05315911621,0.01286262453,0.02577238651,-0.04950776263,-0.02329285334,-0.00150263259,-0.03449796782,-0.09012602781,-0.23811767522,0.04829748881,-0.10904954929,-0.09241419653,-0.06094417704,-0.07198089840,0.01800294427,0.24989463780,-0.52355105512,0.16585589271,0.12753219520,0.23499552409,-0.00317151320,0.18477634466,-0.03477395662,0.04478821898
0.00471850750,0.00175389795,0.03087674557,0.24058639392,0.01448550662,0.09128792575,0.05315911621,0.01286262453,0.02577238651,-0.04950776263,-0.02329285334,-0.00150263259,-0.03449796782,-0.09012602781,-0.23811767522,0.04829748881,-0.10904954929,-0.09241419653,-0.06094417704,-0.07198089840,0.01800294427,0.24989463780,-0.52355105512,0.16585589271,0.12753219520,0.23499552409,-0.00317151320,0.18477634466,-0.03477395662,0.04478821898
-0.01002763351,-0.00602388871,0.01665991008,0.22119130738,0.01569730144,0.08933259649,0.04122217269,0.02994817255,0.01799655888,-0.04989924916,-0.02309196328,0.00225599923,-0.02460118660,-0.07883318763,-0.02237876096,0.01307587861,-0.11566621161,-0.08132698981,-0.06038261410,-0.00726102153,0.00320353956,0.25099791490,-0.51880920341,0.16762259538,0.06404470137,0.27304255059,0.01938832552,0.16465633909,-0.03165157628,0.03266576845
-0.01002763351,-0.00602388871,0.01665991008,0.22119130738,0.01569730144,0.08933259649,0.04122217269,0.02994817255,0.01799655888,-0.04989924916,-0.02309196328,0.00225599923,-0.02460118660,-0.07883318763,-0.02237876096,0.01307587861,-0.11566621161,-0.08132698981,-0.06038261410,-0.00726102153,0.00320353956,0.25099791490,-0.51880920341,0.16762259538,0.06404470137,0.27304255059,0.01938832552,0.16465633909,-0.03165157628,0.03266576845
-0.01002763351,-0.00602388871,0.01665991008,0.22119130738,0.01569730144,0.08933259649,0.04122217269,0.02994817255,0.01799655888,-0.04989924916,-0.02309196328,0.00225599923,-0.02460118660,-0.07883318763,-0.02237876096,0.01307587861,-0.11566621161,-0.08132698981,-0.06038261410,-0.00726102153,0.00320353956,0.25099791490,-0.51880920341,0.16762259538,0.06404470137,0.27304255059,0.01938832552,0.16465633909,-0.03165157628,0.03266576845
-0.01002763351,-0.00602388871,0.01665991008,0.22119130738,0.01569730144,0.08933259649,0.04122217269,0.02994817255,0.01799655888,-0.04989924916,-0.02309196328,0.00225599923,-0.02460118660,-0.07883318763,-0.02237876096,0.01307587861,-0.11566621161,-0.08132698981,-0.06038261410,-0.00726102153,0.00320353956,0.25099791490,-0.51880920341,0.16762259538,0.06404470137,0.27304255059,0.01938832552,0.16465633909,-0.03165157628,0.03266576845
-0.01310387385,-0.00533732190,0.01604048497,0.16628024879,0.02166258293,0.02454694962,-0.03149842863,0.16601206657,0.02174221468,-0.05843574907,-0.00829382360,0.04149568859,-0.01877722327,-0.04613605566,-0.02237876096,0.09950401797,-0.11401787298,-0.09441208257,-0.04028933023,-0.00714291319,0.01972013309,0.10857785227,-0.44178370997,0.16938468711,0.08685242032,0.43830772457,0.01782898794,0.12698498741,-0.03582619562,-0.03713661233
-0.01310387385,-0.00533732190,0.01604048497,0.16628024879,0.02166258293,0.02454694962,-0.03149842863,0.16601206657,0.02174221468,-0.05843574907,-0.00829382360,0.04149568859,-0.01877722327,-0.04613605566,-0.02237876096,0.09950401797,-0.11401787298,-0.09441208257,-0.04028933023,-0.00714291319,0.01972013309,0.10857785227,-0.44178370997,0.16938468711,0.08685242032,0.43830772457,0.01782898794,0.12698498741,-0.03582619562,-0.03713661233
-0.03444802416,-0.00707625580,0.00928512188,0.20076109731,0.01661077668,0.06833644568,0.01851744700,0.09747160588,0.00945940875,-0.05083674364,-0.01572149141,0.02581855057,-0.02460283197,-0.08080428075,-0.02237876096,0.01660174164,-0.11566898889,-0.08801279802,-0.06038328676,-0.00726102153,-0.00173916540,0.20644074722,-0.44757074568,0.13969148675,0.03358051985,0.28577592834,0.01746402609,0.13018561895,-0.03926128719,0.01086401708
-0.03444802416,-0.00707625580,0.00928512188,0.20076109731,0.01661077668,0.06833644568,0.01851744700,0.09747160588,0.00945940875,-0.05083674364,-0.01572149141,0.02581855057,-0.02460283197,-0.08080428075,-0.02237876096,0.01660174164,-0.11566898889,-0.08801279802,-0.06038328676,-0.00726102153,-0.00173916540,0.20644074722,-0.44757074568,0.13969148675,0.03358051985,0.28577592834,0.01746402609,0.13018561895,-0.03926128719,0.01086401708
-0.01325683045,0.00014250897,0.02436551754,0.22591810856,0.01614691634,0.07787187949,0.03722683260,0.05359359605,0.01735370528,-0.05009423405,-0.02287260390,0.01544550731,-0.03449025965,-0.09152287449,-0.23811767522,0.04832811177,-0.10904332478,-0.09579524900,-0.06094159431,-0.07198089840,0.01424207590,0.22446064756,-0.48043759309,0.14924551290,0.10077767388,0.24946088318,-0.00372518895,0.15935597771,-0.03947992026,0.02934384379
-0.01325683045,0.00014250897,0.02436551754,0.22591810856,0.01614691634,0.07787187949,0.03722683260,0.05359359605,0.01735370528,-0.05009423405,-0.02287260390,0.01544550731,-0.03449025965,-0.09152287449,-0.23811767522,0.04832811177,-0.10904332478,-0.09579524900,-0.06094159431,-0.07198089840,0.01424207590,0.22446064756,-0.48043759309,0.14924551290,0.10077767388,0.24946088318,-0.00372518895,0.15935597771,-0.03947992026,0.02934384379
-0.02437275306,-0.00662630670,0.01241599598,0.20819981979,0.01707954595,0.07738453856,0.02940617277,0.06236176272,0.00901994818,-0.05001117286,-0.02440714102,0.01779455453,-0.02468443277,-0.07938330566,-0.02269978761,0.01294953645,-0.11574467708,-0.08422496705,-0.06036664865,-0.00732666116,0.00132359089,0.22797607592,-0.47411531203,0.14800746243,0.04625107982,0.27320408487,0.01843689494,0.14162999010,-0.03582726994,0.02127170993
-0.02437275306,-0.00662630670,0.01241599598,0.20819981979,0.01707954595,0.07738453856,0.02940617277,0.06236176272,0.00901994818,-0.05001117286,-0.02440714102,0.01779455453,-0.02468443277,-0.07938330566,-0.02269978761,0.01294953645,-0.11574467708,-0.08422496705,-0.06036664865,-0.00732666116,0.00132359089,0.22797607592,-0.47411531203,0.14800746243,0.04625107982,0.27320408487,0.01843689494,0.14162999010,-0.03582726994,0.02127170993
-0.03095319689,-0.00696225313,0.01037133443,0.20337256588,0.01716370915,0.07259509368,0.02332962723,0.08230605471,0.00764517926,-0.05030242975,-0.02086310522,0.02499322646,-0.02469568275,-0.07961470029,-0.02269978761,0.01124068637,-0.11574532078,-0.08618383605,-0.06036910453,-0.00732666116,-0.00037743477,0.21747338625,-0.45495639923,0.14054197639,0.03401235742,0.27649818443,0.01967402647,0.13149141167,-0.03782462492,0.01542828875
-0.01542817727,-0.00636502206,0.01530802864,0.20057670623,0.01300653241,0.08604862202,0.05315463887,0.01238406855,0.01643488376,-0.03141435407,-0.02470852635,-0.00225836525,-0.02720195664,-0.08439716813,-0.02269978761,-0.01010088968,-0.05084076333,-0.06110582868,-0.03235477646,-0.01581289171,-0.00155774421,0.23027078080,-0.52190206992,0.14607168335,0.05508505701,0.23124674910,0.01969576434,0.14342031370,-0.02532556198,0.04412679463
-0.01542817727,-0.00636502206,0.01530802864,0.20057670623,0.01300653241,0.08604862202,0.05315463887,0.01238406855,0.01643488376,-0.03141435407,-0.02470852635,-0.00225836525,-0.02720195664,-0.08439716813,-0.02269978761,-0.01010088968,-0.05084076333,-0.06110582868,-0.03235477646,-0.01581289171,-0.00155774421,0.23027078080,-0.52190206992,0.14607168335,0.05508505701,0.23124674910,0.01969576434,0.14342031370,-0.02532556198,0.04412679463
-0.01542817727,-0.00636502206,0.01530802864,0.20057670623,0.01300653241,0.08604862202,0.05315463887,0.01238406855,0.01643488376,-0.03141435407,-0.02470852635,-0.00225836525,-0.02720195664,-0.08439716813,-0.02269978761,-0.01010088968,-0.05084076333,-0.06110582868,-0.03235477646,-0.01581289171,-0.00155774421,0.23027078080,-0.52190206992,0.14607168335,0.05508505701,0.23124674910,0.01969576434,0.14342031370,-0.02532556198,0.04412679463
-0.01542817727,-0.00636502206,0.01530802864,0.20057670623,0.01300653241,0.08604862202,0.05315463887,0.01238406855,0.01643488376,-0.03141435407,-0.02470852635,-0.00225836525,-0.02720195664,-0.08439716813,-0.02269978761,-0.01010088968,-0.05084076333,-0.06110582868,-0.03235477646,-0.01581289171,-0.00155774421,0.23027078080,-0.52190206992,0.14607168335,0.05508505701,0.23124674910,0.01969576434,0.14342031370,-0.02532556198,0.04412679463
-0.01789771129,-0.00646744733,0.01444571557,0.20176743769,0.01369702202,0.08467860681,0.05081495583,0.01893101333,0.01504123880,-0.03196182293,-0.02509734612,-0.00033130373,-0.02720195664,-0.08517333326,-0.02269978761,-0.01159388403,-0.05084076333,-0.06241219396,-0.03235477657,-0.01581289171,-0.00253180116,0.22937881511,-0.52174324323,0.14764513310,0.05157151032,0.24183166071,0.01969576434,0.14073806852,-0.02624853886,0.04188459208
-0.02028821989,-0.00658001135,0.01414298770,0.20159376626,0.01508690914,0.08348080852,0.04875042042,0.01771192056,0.01346967473,-0.03241953699,-0.02565263285,0.00138822496,-0.02720195664,-0.08615213353,-0.02269978761,-0.01369989100,-0.05083032674,-0.06357816808,-0.03235410605,-0.01581289171,-0.00337567293,0.22698715505,-0.51556638733,0.14885863623,0.04805799183,0.24873743607,0.01969576434,0.13753219491,-0.02715444969,0.03987694812
-0.01178149707,-0.00614932695,0.01596895833,0.22039687592,0.01535991410,0.09028703923,0.04369497152,0.02787766354,0.01685823760,-0.04895640417,-0.02355364319,0.00231372496,-0.02469568275,-0.07984148774,-0.02269978761,0.00964706136,-0.11600620937,-0.07978807846,-0.06053937017,-0.00732666116,0.00245221263,0.25239999094,-0.51493108670,0.16386141557,0.06041989468,0.26533920112,0.01969576434,0.16061050874,-0.03197168738,0.03505194710
-0.00847545655,-0.00595107285,0.01711280773,0.22044567242,0.01516384638,0.08985734311,0.04339981966,0.02574021628,0.01809147087,-0.04955044589,-0.02351576847,0.00034582400,-0.02469718100,-0.07855102104,-0.02269978761,0.01499173432,-0.11573824787,-0.08037333754,-0.06036513314,-0.00732666116,0.00391066378,0.25071606029,-0.51682552639,0.16608989315,0.06879945730,0.26605663446,0.01831702348,0.16595442412,-0.03100003254,0.03469741209
-0.00847545655,-0.00595107285,0.01711280773,0.22044567242,0.01516384638,0.08985734311,0.04339981966,0.02574021628,0.01809147087,-0.04955044589,-0.02351576847,0.00034582400,-0.02469718100,-0.07855102104,-0.02269978761,0.01499173432,-0.11573824787,-0.08037333754,-0.06036513314,-0.00732666116,0.00391066378,0.25071606029,-0.51682552639,0.16608989315,0.06879945730,0.26605663446,0.01831702348,0.16595442412,-0.03100003254,0.03469741209
-0.01648591404,-0.00638151245,0.01558686689,0.20062295392,0.01508422877,0.08421567488,0.05024210405,0.00883862485,0.01313745699,-0.03219440641,-0.02723618726,-0.00092562022,-0.02720188447,-0.08440831281,-0.02269978761,-0.01228941102,-0.04826201097,-0.06281851016,-0.03137542543,-0.01581289171,-0.00155013992,0.22843655673,-0.51856903313,0.14917670002,0.05426624993,0.24190248690,0.01988404394,0.14056839389,-0.02555044309,0.04124841832
-0.01648591404,-0.00638151245,0.01558686689,0.20062295392,0.01508422877,0.08421567488,0.05024210405,0.00883862485,0.01313745699,-0.03219440641,-0.02723618726,-0.00092562022,-0.02720188447,-0.08440831281,-0.02269978761,-0.01228941102,-0.04826201097,-0.06281851016,-0.03137542543,-0.01581289171,-0.00155013992,0.22843655673,-0.51856903313,0.14917670002,0.05426624993,0.24190248690,0.01988404394,0.14056839389,-0.02555044309,0.04124841832
-0.02681094794,-0.00688704040,0.01337569598,0.19771969250,0.01397065015,0.08437331610,0.05293320034,0.00931637710,0.00881214676,-0.03087508334,-0.02716723015,0.00019714044,-0.02720195664,-0.09071394778,-0.02269978761,-0.02571054809,-0.06371070618,-0.06068232917,-0.03689339303,-0.01581289171,-0.00618171242,0.22796837565,-0.51556934719,0.13776527917,0.03721191719,0.22354134829,0.01969576434,0.12637400147,-0.02971643565,0.04417154947
-0.02681094794,-0.00688704040,0.01337569598,0.19771969250,0.01397065015,0.08437331610,0.05293320034,0.00931637710,0.00881214676,-0.03087508334,-0.02716723015,0.00019714044,-0.02720195664,-0.09071394778,-0.02269978761,-0.02571054809,-0.06371070618,-0.06068232917,-0.03689339303,-0.01581289171,-0.00618171242,0.22796837565,-0.51556934719,0.13776527917,0.03721191719,0.22354134829,0.01969576434,0.12637400147,-0.02971643565,0.04417154947
-0.01925472003,-0.00682275041,0.01328536551,0.19494917335,0.01171587978,0.08672257743,0.05824314801,0.00385166644,0.01489598843,-0.02940836874,-0.02728431476,-0.00249787985,-0.02849535573,-0.08749048622,-0.02269978761,-0.01579262221,-0.06837486051,-0.05737044698,-0.03901352602,-0.01628381623,-0.00678236054,0.22877366843,-0.52136536388,0.12945095614,0.03559473962,0.19847034570,0.01919629574,0.12803960143,-0.02414177433,0.04950206127
-0.01925472003,-0.00682275041,0.01328536551,0.19494917335,0.01171587978,0.08672257743,0.05824314801,0.00385166644,0.01489598843,-0.02940836874,-0.02728431476,-0.00249787985,-0.02849535573,-0.08749048622,-0.02269978761,-0.01579262221,-0.06837486051,-0.05737044698,-0.03901352602,-0.01628381623,-0.00678236054,0.22877366843,-0.52136536388,0.12945095614,0.03559473962,0.19847034570,0.01919629574,0.12803960143,-0.02414177433,0.04950206127
-0.01909222752,-0.00681553166,0.01334303868,0.19499291455,0.01164759880,0.08683916852,0.05843227199,0.00371803322,0.01499983919,-0.02937250766,-0.02724934534,-0.00264119054,-0.02849535573,-0.08742454513,-0.02269978761,-0.01566231062,-0.06837989757,-0.05727859797,-0.03902023101,-0.01628381623,-0.00673161670,0.22891968028,-0.52194904079,0.12938116041,0.03580826073,0.19790669600,0.01919629574,0.12823718688,-0.02407753149,0.04968560653
-0.01909222752,-0.00681553166,0.01334303868,0.19499291455,0.01164759880,0.08683916852,0.05843227199,0.00371803322,0.01499983919,-0.02937250766,-0.02724934534,-0.00264119054,-0.02849535573,-0.08742454513,-0.02269978761,-0.01566231062,-0.06837989757,-0.05727859797,-0.03902023101,-0.01628381623,-0.00673161670,0.22891968028,-0.52194904079,0.12938116041,0.03580826073,0.19790669600,0.01919629574,0.12823718688,-0.02407753149,0.04968560653
-0.01970671183,-0.00683938154,0.01312834418,0.19529299942,0.01186320681,0.08649986277,0.05781020660,0.00507182923,0.01463215241,-0.02951606835,-0.02736282254,-0.00216123537,-0.02849535573,-0.08766351037,-0.02269978761,-0.01613645341,-0.06837989757,-0.05762621622,-0.03902023109,-0.01628381623,-0.00694861479,0.22872863068,-0.52185799064,0.12988870188,0.03501298299,0.20065320743,0.01919629574,0.12758407514,-0.02431979119,0.04908654120
-0.01672721312,-0.00640496539,0.01497270904,0.20213116192,0.01391020684,0.08388160746,0.04934676993,0.02059099022,0.01591889190,-0.03242562995,-0.02478911801,-0.00011481583,-0.02720195664,-0.08433339673,-0.02269978761,-0.00935773069,-0.04827319460,-0.06334882315,-0.03137650733,-0.01581289171,-0.00196887310,0.22740006283,-0.52174110333,0.14976567905,0.05375446229,0.24677226947,0.01969576434,0.14288591001,-0.02580787123,0.04039107795
-0.01648591404,-0.00638151245,0.01558686689,0.20062295392,0.01508422877,0.08421567488,0.05024210405,0.00883862485,0.01313745699,-0.03219440641,-0.02723618726,-0.00092562022,-0.02720188447,-0.08440831281,-0.02269978761,-0.01228941102,-0.04826201097,-0.06281851016,-0.03137542543,-0.01581289171,-0.00155013992,0.22843655673,-0.51856903313,0.14917670002,0.05426624993,0.24190248690,0.01988404394,0.14056839389,-0.02555044309,0.04124841832
-0.01648591404,-0.00638151245,0.01558686689,0.20062295392,0.01508422877,0.08421567488,0.05024210405,0.00883862485,0.01313745699,-0.03219440641,-0.02723618726,-0.00092562022,-0.02720188447,-0.08440831281,-0.02269978761,-0.01228941102,-0.04826201097,-0.06281851016,-0.03137542543,-0.01581289171,-0.00155013992,0.22843655673,-0.51856903313,0.14917670002,0.05426624993,0.24190248690,0.01988404394,0.14056839389,-0.02555044309,0.04124841832
-0.01648734924,-0.00638160684,0.01558686689,0.20062295392,0.01508388611,0.08421567488,0.05025134353,0.00883862485,0.01313646150,-0.03219260449,-0.02723660751,-0.00092593196,-0.02720188447,-0.08440939631,-0.02269978761,-0.01229264919,-0.04826668977,-0.06281447743,-0.03137542543,-0.01581289171,-0.00155013992,0.22844043729,-0.51856903313,0.14917396358,0.05426624993,0.24190248690,0.01988404394,0.14056509649,-0.02555094195,0.04125765833
-0.01648734924,-0.00638160684,0.01558686689,0.20062295392,0.01508388611,0.08421567488,0.05025134353,0.00883862485,0.01313646150,-0.03219260449,-0.02723660751,-0.00092593196,-0.02720188447,-0.08440939631,-0.02269978761,-0.01229264919,-0.04826668977,-0.06281447743,-0.03137542543,-0.01581289171,-0.00155013992,0.22844043729,-0.51856903313,0.14917396358,0.05426624993,0.24190248690,0.01988404394,0.14056509649,-0.02555094195,0.04125765833
-0.01513036062,-0.00615677956,0.01764597581,0.21585059116,0.01617606050,0.08910690532,0.04900429006,0.01282465057,0.01169499961,-0.04346675446,-0.02639002842,-0.00025128309,-0.02469499835,-0.08353704232,-0.02269978761,-0.00326427367,-0.08806952684,-0.07357850230,-0.06069630242,-0.00732666116,0.00139646399,0.24056649230,-0.51858233926,0.16125546401,0.05932553835,0.25278117343,0.01979521012,0.15228129514,-0.03216808936,0.03940251478
-0.01800673805,-0.00630715720,0.01660052244,0.21682340709,0.01638299584,0.08735569206,0.04590579945,0.02351715978,0.01297616264,-0.04391873355,-0.02446527988,0.00237052974,-0.02469511757,-0.08453846839,-0.02269978761,-0.00252945935,-0.08806952684,-0.07511193855,-0.06069632475,-0.00732666116,-0.00003213353,0.23660629056,-0.51557749524,0.16279910096,0.05495812609,0.26450239450,0.01960735072,0.15094491396,-0.03324689695,0.03641278625
-0.01464378753,-0.00615091872,0.01722203527,0.21711946492,0.01470041284,0.08913608258,0.04874765621,0.02346489538,0.01508198907,-0.04352130029,-0.02370154984,0.00004046026,-0.02469511757,-0.08315432038,-0.02269978761,0.00051024903,-0.08807692918,-0.07373326155,-0.06069642000,-0.00732666116,0.00122732580,0.23967700515,-0.52184394172,0.16137243473,0.05982424448,0.25484923115,0.01960735072,0.15558188577,-0.03214668556,0.03915757024
-0.01464378753,-0.00615091872,0.01722203527,0.21711946492,0.01470041284,0.08913608258,0.04874765621,0.02346489538,0.01508198907,-0.04352130029,-0.02370154984,0.00004046026,-0.02469511757,-0.08315432038,-0.02269978761,0.00051024903,-0.08807692918,-0.07373326155,-0.06069642000,-0.00732666116,0.00122732580,0.23967700515,-0.52184394172,0.16137243473,0.05982424448,0.25484923115,0.01960735072,0.15558188577,-0.03214668556,0.03915757024
0.01269508474,-0.00387359217,0.02841627003,0.17932904910,0.01948968658,0.04270245000,0.00185501803,0.08262827438,0.02907014540,-0.04756461126,-0.01400174833,0.00810425857,-0.01881721205,-0.05446438339,-0.02269978761,0.06402084369,-0.08189620777,-0.07546228497,-0.05412980030,-0.00720875630,0.02319002536,0.12435428017,-0.51622564299,0.19917557353,0.12904107127,0.41927912271,0.01995045421,0.15273083570,-0.02715888446,-0.00662510137
0.01269508474,-0.00387359217,0.02841627003,0.17932904910,0.01948968658,0.04270245000,0.00185501803,0.08262827438,0.02907014540,-0.04756461126,-0.01400174833,0.00810425857,-0.01881721205,-0.05446438339,-0.02269978761,0.06402084369,-0.08189620777,-0.07546228497,-0.05412980030,-0.00720875630,0.02319002536,0.12435428017,-0.51622564299,0.19917557353,0.12904107127,0.41927912271,0.01995045421,0.15273083570,-0.02715888446,-0.00662510137
-0.01800673805,-0.00630715720,0.01660052244,0.21682340709,0.01638299584,0.08735569206,0.04590579945,0.02351715978,0.01297616264,-0.04391873355,-0.02446527988,0.00237052974,-0.02469511757,-0.08453846839,-0.02269978761,-0.00252945935,-0.08806952684,-0.07511193855,-0.06069632475,-0.00732666116,-0.00003213353,0.23660629056,-0.51557749524,0.16279910096,0.05495812609,0.26450239450,0.01960735072,0.15094491396,-0.03324689695,0.03641278625
-0.01800673805,-0.00630715720,0.01660052244,0.21682340709,0.01638299584,0.08735569206,0.04590579945,0.02351715978,0.01297616264,-0.04391873355,-0.02446527988,0.00237052974,-0.02469511757,-0.08453846839,-0.02269978761,-0.00252945935,-0.08806952684,-0.07511193855,-0.06069632475,-0.00732666116,-0.00003213353,0.23660629056,-0.51557749524,0.16279910096,0.05495812609,0.26450239450,0.01960735072,0.15094491396,-0.03324689695,0.03641278625
-0.01800673805,-0.00630715720,0.01660052244,0.21682340709,0.01638299584,0.08735569206,0.04590579945,0.02351715978,0.01297616264,-0.04391873355,-0.02446527988,0.00237052974,-0.02469511757,-0.08453846839,-0.02269978761,-0.00252945935,-0.08806952684,-0.07511193855,-0.06069632475,-0.00732666116,-0.00003213353,0.23660629056,-0.51557749524,0.16279910096,0.05495812609,0.26450239450,0.01960735072,0.15094491396,-0.03324689695,0.03641278625
-0.01800673805,-0.00630715720,0.01660052244,0.21682340709,0.01638299584,0.08735569206,0.04590579945,0.02351715978,0.01297616264,-0.04391873355,-0.02446527988,0.00237052974,-0.02469511757,-0.08453846839,-0.02269978761,-0.00252945935,-0.08806952684,-0.07511193855,-0.06069632475,-0.00732666116,-0.00003213353,0.23660629056,-0.51557749524,0.16279910096,0.05495812609,0.26450239450,0.01960735072,0.15094491396,-0.03324689695,0.03641278625
-0.01513036062,-0.00615677956,0.01764597581,0.21585059116,0.01617606050,0.08910690532,0.04900429006,0.01282465057,0.01169499961,-0.04346675446,-0.02639002842,-0.00025128309,-0.02469499835,-0.08353704232,-0.02269978761,-0.00326427367,-0.08806952684,-0.07357850230,-0.06069630242,-0.00732666116,0.00139646399,0.24056649230,-0.51858233926,0.16125546401,0.05932553835,0.25278117343,0.01979521012,0.15228129514,-0.03216808936,0.03940251478
-0.01513036062,-0.00615677956,0.01764597581,0.21585059116,0.01617606050,0.08910690532,0.04900429006,0.01282465057,0.01169499961,-0.04346675446,-0.02639002842,-0.00025128309,-0.02469499835,-0.08353704232,-0.02269978761,-0.00326427367,-0.08806952684,-0.07357850230,-0.06069630242,-0.00732666116,0.00139646399,0.24056649230,-0.51858233926,0.16125546401,0.05932553835,0.25278117343,0.01979521012,0.15228129514,-0.03216808936,0.03940251478
-0.01800673805,-0.00630715720,0.01660052244,0.21682340709,0.01638299584,0.08735569206,0.04590579945,0.02351715978,0.01297616264,-0.04391873355,-0.02446527988,0.00237052974,-0.02469511757,-0.08453846839,-0.02269978761,-0.00252945935,-0.08806952684,-0.07511193855,-0.06069632475,-0.00732666116,-0.00003213353,0.23660629056,-0.51557749524,0.16279910096,0.05495812609,0.26450239450,0.01960735072,0.15094491396,-0.03324689695,0.03641278625
-0.01800673805,-0.00630715720,0.01660052244,0.21682340709,0.01638299584,0.08735569206,0.04590579945,0.02351715978,0.01297616264,-0.04391873355,-0.02446527988,0.00237052974,-0.02469511757,-0.08453846839,-0.02269978761,-0.00252945935,-0.08806952684,-0.07511193855,-0.06069632475,-0.00732666116,-0.00003213353,0.23660629056,-0.51557749524,0.16279910096,0.05495812609,0.26450239450,0.01960735072,0.15094491396,-0.03324689695,0.03641278625
-0.01464378753,-0.00615091872,0.01722203527,0.21711946492,0.01470041284,0.08913608258,0.04874765621,0.02346489538,0.01508198907,-0.04352130029,-0.02370154984,0.00004046026,-0.02469511757,-0.08315432038,-0.02269978761,0.00051024903,-0.08807692918,-0.07373326155,-0.06069642000,-0.00732666116,0.00122732580,0.23967700515,-0.52184394172,0.16137243473,0.05982424448,0.25484923115,0.01960735072,0.15558188577,-0.03214668556,0.03915757024
-0.01464378753,-0.00615091872,0.01722203527,0.21711946492,0.01470041284,0.08913608258,0.04874765621,0.02346489538,0.01508198907,-0.04352130029,-0.02370154984,0.00004046026,-0.02469511757,-0.08315432038,-0.02269978761,0.00051024903,-0.08807692918,-0.07373326155,-0.06069642000,-0.00732666116,0.00122732580,0.23967700515,-0.52184394172,0.16137243473,0.05982424448,0.25484923115,0.01960735072,0.15558188577,-0.03214668556,0.03915757024
0.01269508474,-0.00387359217,0.02841627003,0.17932904910,0.01948968658,0.04270245000,0.00185501803,0.08262827438,0.02907014540,-0.04756461126,-0.01400174833,0.00810425857,-0.01881721205,-0.05446438339,-0.02269978761,0.06402084369,-0.08189620777,-0.07546228497,-0.05412980030,-0.00720875630,0.02319002536,0.12435428017,-0.51622564299,0.19917557353,0.12904107127,0.41927912271,0.01995045421,0.15273083570,-0.02715888446,-0.00662510137
0.01269508474,-0.00387359217,0.02841627003,0.17932904910,0.01948968658,0.04270245000,0.00185501803,0.08262827438,0.02907014540,-0.04756461126,-0.01400174833,0.00810425857,-0.01881721205,-0.05446438339,-0.02269978761,0.06402084369,-0.08189620777,-0.07546228497,-0.05412980030,-0.00720875630,0.02319002536,0.12435428017,-0.51622564299,0.19917557353,0.12904107127,0.41927912271,0.01995045421,0.15273083570,-0.02715888446,-0.00662510137
-0.01800673805,-0.00630715720,0.01660052244,0.21682340709,0.01638299584,0.08735569206,0.04590579945,0.02351715978,0.01297616264,-0.04391873355,-0.02446527988,0.00237052974,-0.02469511757,-0.08453846839,-0.02269978761,-0.00252945935,-0.08806952684,-0.07511193855,-0.06069632475,-0.00732666116,-0.00003213353,0.23660629056,-0.51557749524,0.16279910096,0.05495812609,0.26450239450,0.01960735072,0.15094491396,-0.03324689695,0.03641278625
-0.01800673805,-0.00630715720,0.01660052244,0.21682340709,0.01638299584,0.08735569206,0.04590579945,0.02351715978,0.01297616264,-0.04391873355,-0.02446527988,0.00237052974,-0.02469511757,-0.08453846839,-0.02269978761,-0.00252945935,-0.08806952684,-0.07511193855,-0.06069632475,-0.00732666116,-0.00003213353,0.23660629056,-0.51557749524,0.16279910096,0.05495812609,0.26450239450,0.01960735072,0.15094491396,-0.03324689695,0.03641278625
-0.01513036062,-0.00615677956,0.01764597581,0.21585059116,0.01617606050,0.08910690532,0.04900429006,0.01282465057,0.01169499961,-0.04346675446,-0.02639002842,-0.00025128309,-0.02469499835,-0.08353704232,-0.02269978761,-0.00326427367,-0.08806952684,-0.07357850230,-0.06069630242,-0.00732666116,0.00139646399,0.24056649230,-0.51858233926,0.16125546401,0.05932553835,0.25278117343,0.01979521012,0.15228129514,-0.03216808936,0.03940251478
-0.03649141502,-0.00712211491,0.01042032746,0.20066456066,0.01775790645,0.07159766942,0.02761791516,0.07505097576,0.00396029559,-0.04476887165,-0.02202154366,0.02395737605,-0.02469511757,-0.08524106027,-0.02269978761,-0.00356397190,-0.08808658555,-0.08049551811,-0.06069953545,-0.00732666116,-0.00317570990,0.20722896298,-0.45673086103,0.13873208768,0.02839101710,0.27094713796,0.01958566130,0.12252387941,-0.03906853333,0.01898809501
-0.01513036062,-0.00615677956,0.01764597581,0.21585059116,0.01617606050,0.08910690532,0.04900429006,0.01282465057,0.01169499961,-0.04346675446,-0.02639002842,-0.00025128309,-0.02469499835,-0.08353704232,-0.02269978761,-0.00326427367,-0.08806952684,-0.07357850230,-0.06069630242,-0.00732666116,0.00139646399,0.24056649230,-0.51858233926,0.16125546401,0.05932553835,0.25278117343,0.01979521012,0.15228129514,-0.03216808936,0.03940251478
-0.01513036062,-0.00615677956,0.01764597581,0.21585059116,0.01617606050,0.08910690532,0.04900429006,0.01282465057,0.01169499961,-0.04346675446,-0.02639002842,-0.00025128309,-0.02469499835,-0.08353704232,-0.02269978761,-0.00326427367,-0.08806952684,-0.07357850230,-0.06069630242,-0.00732666116,0.00139646399,0.24056649230,-0.51858233926,0.16125546401,0.05932553835,0.25278117343,0.01979521012,0.15228129514,-0.03216808936,0.03940251478
-0.01800673805,-0.00630715720,0.01660052244,0.21682340709,0.01638299584,0.08735569206,0.04590579945,0.02351715978,0.01297616264,-0.04391873355,-0.02446527988,0.00237052974,-0.02469511757,-0.08453846839,-0.02269978761,-0.00252945935,-0.08806952684,-0.07511193855,-0.06069632475,-0.00732666116,-0.00003213353,0.23660629056,-0.51557749524,0.16279910096,0.05495812609,0.26450239450,0.01960735072,0.15094491396,-0.03324689695,0.03641278625
-0.01800673805,-0.00630715720,0.01660052244,0.21682340709,0.01638299584,0.08735569206,0.04590579945,0.02351715978,0.01297616264,-0.04391873355,-0.02446527988,0.00237052974,-0.02469511757,-0.08453846839,-0.02269978761,-0.00252945935,-0.08806952684,-0.07511193855,-0.06069632475,-0.00732666116,-0.00003213353,0.23660629056,-0.51557749524,0.16279910096,0.05495812609,0.26450239450,0.01960735072,0.15094491396,-0.03324689695,0.03641278625
-0.01459891061,-0.00614791783,0.01723820727,0.21722604833,0.01470979801,0.08919593328,0.04879451518,0.02333005687,0.01508376752,-0.04351792907,-0.02374614777,0.00001144159,-0.02469511757,-0.08315255151,-0.02269978761,0.00050587984,-0.08807651459,-0.07371827113,-0.06069639141,-0.00732666116,0.00123844355,0.23985151623,-0.52240335189,0.16144246618,0.05988906686,0.25490359021,0.01960735072,0.15564943481,-0.03213241971,0.03920211377
-0.01459891061,-0.00614791783,0.01723820727,0.21722604833,0.01470979801,0.08919593328,0.04879451518,0.02333005687,0.01508376752,-0.04351792907,-0.02374614777,0.00001144159,-0.02469511757,-0.08315255151,-0.02269978761,0.00050587984,-0.08807651459,-0.07371827113,-0.06069639141,-0.00732666116,0.00123844355,0.23985151623,-0.52240335189,0.16144246618,0.05988906686,0.25490359021,0.01960735072,0.15564943481,-0.03213241971,0.03920211377
0.01309518338,-0.00383055398,0.02863228750,0.17783752613,0.01960221693,0.04141123062,0.00006644279,0.08346968363,0.02908492657,-0.04778770120,-0.01392320658,0.00819981794,-0.01848526376,-0.05413276790,-0.02269978761,0.06514548148,-0.08173316898,-0.07574293979,-0.05395420410,-0.00720875630,0.02352364506,0.12192392835,-0.51684318332,0.19986064487,0.13033557121,0.42233786985,0.01995045421,0.15284366351,-0.02739759598,-0.00824676679
0.01309518338,-0.00383055398,0.02863228750,0.17783752613,0.01960221693,0.04141123062,0.00006644279,0.08346968363,0.02908492657,-0.04778770120,-0.01392320658,0.00819981794,-0.01848526376,-0.05413276790,-0.02269978761,0.06514548148,-0.08173316898,-0.07574293979,-0.05395420410,-0.00720875630,0.02352364506,0.12192392835,-0.51684318332,0.19986064487,0.13033557121,0.42233786985,0.01995045421,0.15284366351,-0.02739759598,-0.00824676679
-0.01464933370,-0.00615005284,0.01723820727,0.21722747158,0.01474866352,0.08917951665,0.04875737697,0.02329388332,0.01505219142,-0.04352403067,-0.02375659356,0.00004626773,-0.02469511757,-0.08317402314,-0.02269978761,0.00045674417,-0.08807533236,-0.07373901571,-0.06069622260,-0.00732666116,0.00122124336,0.23977713581,-0.52233966614,0.16146776471,0.05982164582,0.25502940257,0.01960735072,0.15557802438,-0.03214894605,0.03916677068
-0.01464933370,-0.00615005284,0.01723820727,0.21722747158,0.01474866352,0.08917951665,0.04875737697,0.02329388332,0.01505219142,-0.04352403067,-0.02375659356,0.00004626773,-0.02469511757,-0.08317402314,-0.02269978761,0.00045674417,-0.08807533236,-0.07373901571,-0.06069622260,-0.00732666116,0.00122124336,0.23977713581,-0.52233966614,0.16146776471,0.05982164582,0.25502940257,0.01960735072,0.15557802438,-0.03214894605,0.03916677068
-0.01197932732,-0.00600562885,0.01826261398,0.21638859636,0.01468115620,0.09087697770,0.05172251595,0.01246348850,0.01360020430,-0.04310074369,-0.02575281728,-0.00250349037,-0.02469499835,-0.08227966611,-0.02269978761,-0.00056005675,-0.08807533236,-0.07229621376,-0.06069620028,-0.00732666116,0.00255795550,0.24356517604,-0.52586478272,0.16008156963,0.06392436960,0.24421251099,0.01979521012,0.15655659695,-0.03113271542,0.04202761283
-0.01197932732,-0.00600562885,0.01826261398,0.21638859636,0.01468115620,0.09087697770,0.05172251595,0.01246348850,0.01360020430,-0.04310074369,-0.02575281728,-0.00250349037,-0.02469499835,-0.08227966611,-0.02269978761,-0.00056005675,-0.08807533236,-0.07229621376,-0.06069620028,-0.00732666116,0.00255795550,0.24356517604,-0.52586478272,0.16008156963,0.06392436960,0.24421251099,0.01979521012,0.15655659695,-0.03113271542,0.04202761283
-0.01506078999,-0.00615212664,0.01766928579,0.21594935251,0.01617962510,0.08918413418,0.04908588498,0.01260596461,0.01172710191,-0.04346042713,-0.02639917998,-0.00030780775,-0.02469499835,-0.08350957459,-0.02269978761,-0.00322253897,-0.08806911210,-0.07355418622,-0.06069627384,-0.00732666116,0.00141166385,0.24069330908,-0.51922799710,0.16126030218,0.05941999353,0.25281687219,0.01979521012,0.15234254219,-0.03214564285,0.03948057721
-0.01506078999,-0.00615212664,0.01766928579,0.21594935251,0.01617962510,0.08918413418,0.04908588498,0.01260596461,0.01172710191,-0.04346042713,-0.02639917998,-0.00030780775,-0.02469499835,-0.08350957459,-0.02269978761,-0.00322253897,-0.08806911210,-0.07355418622,-0.06069627384,-0.00732666116,0.00141166385,0.24069330908,-0.51922799710,0.16126030218,0.05941999353,0.25281687219,0.01979521012,0.15234254219,-0.03214564285,0.03948057721
-0.01464933370,-0.00615005284,0.01723820727,0.21722747158,0.01474866352,0.08917951665,0.04875737697,0.02329388332,0.01505219142,-0.04352403067,-0.02375659356,0.00004626773,-0.02469511757,-0.08317402314,-0.02269978761,0.00045674417,-0.08807533236,-0.07373901571,-0.06069622260,-0.00732666116,0.00122124336,0.23977713581,-0.52233966614,0.16146776471,0.05982164582,0.25502940257,0.01960735072,0.15557802438,-0.03214894605,0.03916677068
-0.01464933370,-0.00615005284,0.01723820727,0.21722747158,0.01474866352,0.08917951665,0.04875737697,0.02329388332,0.01505219142,-0.04352403067,-0.02375659356,0.00004626773,-0.02469511757,-0.08317402314,-0.02269978761,0.00045674417,-0.08807533236,-0.07373901571,-0.06069622260,-0.00732666116,0.00122124336,0.23977713581,-0.52233966614,0.16146776471,0.05982164582,0.25502940257,0.01960735072,0.15557802438,-0.03214894605,0.03916677068
0.01309518338,-0.00383055398,0.02863228750,0.17783752613,0.01960221693,0.04141123062,0.00006644279,0.08346968363,0.02908492657,-0.04778770120,-0.01392320658,0.00819981794,-0.01848526376,-0.05413276790,-0.02269978761,0.06514548148,-0.08173316898,-0.07574293979,-0.05395420410,-0.00720875630,0.02352364506,0.12192392835,-0.51684318332,0.19986064487,0.13033557121,0.42233786985,0.01995045421,0.15284366351,-0.02739759598,-0.00824676679
0.01309518338,-0.00383055398,0.02863228750,0.17783752613,0.01960221693,0.04141123062,0.00006644279,0.08346968363,0.02908492657,-0.04778770120,-0.01392320658,0.00819981794,-0.01848526376,-0.05413276790,-0.02269978761,0.06514548148,-0.08173316898,-0.07574293979,-0.05395420410,-0.00720875630,0.02352364506,0.12192392835,-0.51684318332,0.19986064487,0.13033557121,0.42233786985,0.01995045421,0.15284366351,-0.02739759598,-0.00824676679
0.01309518338,-0.00383055398,0.02863228750,0.17783752613,0.01960221693,0.04141123062,0.00006644279,0.08346968363,0.02908492657,-0.04778770120,-0.01392320658,0.00819981794,-0.01848526376,-0.05413276790,-0.02269978761,0.06514548148,-0.08173316898,-0.07574293979,-0.05395420410,-0.00720875630,0.02352364506,0.12192392835,-0.51684318332,0.19986064487,0.13033557121,0.42233786985,0.01995045421,0.15284366351,-0.02739759598,-0.00824676679
0.01309518338,-0.00383055398,0.02863228750,0.17783752613,0.01960221693,0.04141123062,0.00006644279,0.08346968363,0.02908492657,-0.04778770120,-0.01392320658,0.00819981794,-0.01848526376,-0.05413276790,-0.02269978761,0.06514548148,-0.08173316898,-0.07574293979,-0.05395420410,-0.00720875630,0.02352364506,0.12192392835,-0.51684318332,0.19986064487,0.13033557121,0.42233786985,0.01995045421,0.15284366351,-0.02739759598,-0.00824676679
0.01300904004,-0.00383494405,0.02863228750,0.17785888327,0.01965549645,0.04141086083,0.00003896881,0.08338543164,0.02903252353,-0.04779451344,-0.01394384156,0.00824581047,-0.01848526376,-0.05417375816,-0.02269978761,0.06505225883,-0.08173155417,-0.07577136440,-0.05395272214,-0.00720875630,0.02348927105,0.12187904430,-0.51676750376,0.19987647615,0.13019762664,0.42243253288,0.01995045421,0.15274366022,-0.02742376693,-0.00827244087
0.01300904004,-0.00383494405,0.02863228750,0.17785888327,0.01965549645,0.04141086083,0.00003896881,0.08338543164,0.02903252353,-0.04779451344,-0.01394384156,0.00824581047,-0.01848526376,-0.05417375816,-0.02269978761,0.06505225883,-0.08173155417,-0.07577136440,-0.05395272214,-0.00720875630,0.02348927105,0.12187904430,-0.51676750376,0.19987647615,0.13019762664,0.42243253288,0.01995045421,0.15274366022,-0.02742376693,-0.00827244087
-0.01197932732,-0.00600562885,0.01826261398,0.21638859636,0.01468115620,0.09087697770,0.05172251595,0.01246348850,0.01360020430,-0.04310074369,-0.02575281728,-0.00250349037,-0.02469499835,-0.08227966611,-0.02269978761,-0.00056005675,-0.08807533236,-0.07229621376,-0.06069620028,-0.00732666116,0.00255795550,0.24356517604,-0.52586478272,0.16008156963,0.06392436960,0.24421251099,0.01979521012,0.15655659695,-0.03113271542,0.04202761283
-0.01197932732,-0.00600562885,0.01826261398,0.21638859636,0.01468115620,0.09087697770,0.05172251595,0.01246348850,0.01360020430,-0.04310074369,-0.02575281728,-0.00250349037,-0.02469499835,-0.08227966611,-0.02269978761,-0.00056005675,-0.08807533236,-0.07229621376,-0.06069620028,-0.00732666116,0.00255795550,0.24356517604,-0.52586478272,0.16008156963,0.06392436960,0.24421251099,0.01979521012,0.15655659695,-0.03113271542,0.04202761283
-0.01503683116,-0.00615132457,0.01767739675,0.21592186187,0.01618388650,0.08919879716,0.04911765031,0.01245810717,0.01166069729,-0.04345608551,-0.02645720317,-0.00033320646,-0.02469487932,-0.08349326630,-0.02269978761,-0.00329322205,-0.08806911210,-0.07353830981,-0.06069625151,-0.00732666116,0.00142566518,0.24076800802,-0.51926226239,0.16122245249,0.05942557146,0.25270510948,0.01982913468,0.15234676863,-0.03213495571,0.03951099904
-0.01503683116,-0.00615132457,0.01767739675,0.21592186187,0.01618388650,0.08919879716,0.04911765031,0.01245810717,0.01166069729,-0.04345608551,-0.02645720317,-0.00033320646,-0.02469487932,-0.08349326630,-0.02269978761,-0.00329322205,-0.08806911210,-0.07353830981,-0.06069625151,-0.00732666116,0.00142566518,0.24076800802,-0.51926226239,0.16122245249,0.05942557146,0.25270510948,0.01982913468,0.15234676863,-0.03213495571,0.03951099904
-0.01449074831,-0.00614205678,0.01730149952,0.21734591265,0.01474988089,0.08932297476,0.04893465020,0.02271669859,0.01507970610,-0.04351379615,-0.02381983081,-0.00013102219,-0.02469499855,-0.08314544209,-0.02269978761,0.00040982272,-0.08807533236,-0.07368568209,-0.06069620028,-0.00732666116,0.00125522846,0.24006046976,-0.52316860281,0.16157703640,0.06004923529,0.25495979623,0.01964111566,0.15580053288,-0.03209479337,0.03933929223
-0.01449074831,-0.00614205678,0.01730149952,0.21734591265,0.01474988089,0.08932297476,0.04893465020,0.02271669859,0.01507970610,-0.04351379615,-0.02381983081,-0.00013102219,-0.02469499855,-0.08314544209,-0.02269978761,0.00040982272,-0.08807533236,-0.07368568209,-0.06069620028,-0.00732666116,0.00125522846,0.24006046976,-0.52316860281,0.16157703640,0.06004923529,0.25495979623,0.01964111566,0.15580053288,-0.03209479337,0.03933929223
0.01337059429,-0.00381358606,0.02875235046,0.17792105578,0.01961484526,0.04151309159,0.00021557497,0.08276650442,0.02915377247,-0.04777658245,-0.01399245521,0.00796092693,-0.01848499174,-0.05407741021,-0.02269978761,0.06510655059,-0.08173316898,-0.07566974863,-0.05395397651,-0.00720875630,0.02359194395,0.12207575594,-0.51786216941,0.20010077840,0.13082919326,0.42263651606,0.01998451227,0.15315437947,-0.02731128629,-0.00810129976
0.01337059429,-0.00381358606,0.02875235046,0.17792105578,0.01961484526,0.04151309159,0.00021557497,0.08276650442,0.02915377247,-0.04777658245,-0.01399245521,0.00796092693,-0.01848499174,-0.05407741021,-0.02269978761,0.06510655059,-0.08173316898,-0.07566974863,-0.05395397651,-0.00720875630,0.02359194395,0.12207575594,-0.51786216941,0.20010077840,0.13082919326,0.42263651606,0.01998451227,0.15315437947,-0.02731128629,-0.00810129976
0.01337059429,-0.00381358606,0.02875235046,0.17792105578,0.01961484526,0.04151309159,0.00021557497,0.08276650442,0.02915377247,-0.04777658245,-0.01399245521,0.00796092693,-0.01848499174,-0.05407741021,-0.02269978761,0.06510655059,-0.08173316898,-0.07566974863,-0.05395397651,-0.00720875630,0.02359194395,0.12207575594,-0.51786216941,0.20010077840,0.13082919326,0.42263651606,0.01998451227,0.15315437947,-0.02731128629,-0.00810129976
0.01337059429,-0.00381358606,0.02875235046,0.17792105578,0.01961484526,0.04151309159,0.00021557497,0.08276650442,0.02915377247,-0.04777658245,-0.01399245521,0.00796092693,-0.01848499174,-0.05407741021,-0.02269978761,0.06510655059,-0.08173316898,-0.07566974863,-0.05395397651,-0.00720875630,0.02359194395,0.12207575594,-0.51786216941,0.20010077840,0.13082919326,0.42263651606,0.01998451227,0.15315437947,-0.02731128629,-0.00810129976
0.01328415325,-0.00381799571,0.02875235046,0.17794241856,0.01966823723,0.04151267190,0.00018796532,0.08268242459,0.02910122284,-0.04778340530,-0.01401309905,0.00800715878,-0.01848499174,-0.05411843756,-0.02269978761,0.06501329761,-0.08173155417,-0.07569824429,-0.05395249449,-0.00720875630,0.02355751004,0.12203069902,-0.51778558781,0.20011651701,0.13069067149,0.42273124402,0.01998451227,0.15305400308,-0.02733755125,-0.00812710256
0.01328415325,-0.00381799571,0.02875235046,0.17794241856,0.01966823723,0.04151267190,0.00018796532,0.08268242459,0.02910122284,-0.04778340530,-0.01401309905,0.00800715878,-0.01848499174,-0.05411843756,-0.02269978761,0.06501329761,-0.08173155417,-0.07569824429,-0.05395249449,-0.00720875630,0.02355751004,0.12203069902,-0.51778558781,0.20011651701,0.13069067149,0.42273124402,0.01998451227,0.15305400308,-0.02733755125,-0.00812710256
-0.01193902986,-0.00600393911,0.01827649426,0.21638034652,0.01468145778,0.09090708166,0.05177110050,0.01231656446,0.01354213094,-0.04309508405,-0.02580855023,-0.00254187462,-0.02469487932,-0.08225967193,-0.02269978761,-0.00062426649,-0.08807533236,-0.07227472754,-0.06069617795,-0.00732666116,0.00257616282,0.24366903643,-0.52600796845,0.16005650116,0.06395287338,0.24409076053,0.01982913468,0.15658618902,-0.03111661316,0.04207378908
-0.01193902986,-0.00600393911,0.01827649426,0.21638034652,0.01468145778,0.09090708166,0.05177110050,0.01231656446,0.01354213094,-0.04309508405,-0.02580855023,-0.00254187462,-0.02469487932,-0.08225967193,-0.02269978761,-0.00062426649,-0.08807533236,-0.07227472754,-0.06069617795,-0.00732666116,0.00257616282,0.24366903643,-0.52600796845,0.16005650116,0.06395287338,0.24409076053,0.01982913468,0.15658618902,-0.03111661316,0.04207378908
0.01792510976,-0.00352408462,0.03069983299,0.17505051846,0.01975752271,0.04202463574,0.00253452953,0.06975065559,0.02738180278,-0.04732008197,-0.01655268966,0.00478338942,-0.01848471941,-0.05239979602,-0.02269978761,0.06441339441,-0.08173155417,-0.07374722391,-0.05395226682,-0.00720875630,0.02622600876,0.12293991743,-0.52109404116,0.19932969150,0.13935655622,0.41354235174,0.02017416590,0.15409132770,-0.02575242158,-0.00587721093
0.01792510976,-0.00352408462,0.03069983299,0.17505051846,0.01975752271,0.04202463574,0.00253452953,0.06975065559,0.02738180278,-0.04732008197,-0.01655268966,0.00478338942,-0.01848471941,-0.05239979602,-0.02269978761,0.06441339441,-0.08173155417,-0.07374722391,-0.05395226682,-0.00720875630,0.02622600876,0.12293991743,-0.52109404116,0.19932969150,0.13935655622,0.41354235174,0.02017416590,0.15409132770,-0.02575242158,-0.00587721093
0.01328415325,-0.00381799571,0.02875235046,0.17794241856,0.01966823723,0.04151267190,0.00018796532,0.08268242459,0.02910122284,-0.04778340530,-0.01401309905,0.00800715878,-0.01848499174,-0.05411843756,-0.02269978761,0.06501329761,-0.08173155417,-0.07569824429,-0.05395249449,-0.00720875630,0.02355751004,0.12203069902,-0.51778558781,0.20011651701,0.13069067149,0.42273124402,0.01998451227,0.15305400308,-0.02733755125,-0.00812710256
0.01328415325,-0.00381799571,0.02875235046,0.17794241856,0.01966823723,0.04151267190,0.00018796532,0.08268242459,0.02910122284,-0.04778340530,-0.01401309905,0.00800715878,-0.01848499174,-0.05411843756,-0.02269978761,0.06501329761,-0.08173155417,-0.07569824429,-0.05395249449,-0.00720875630,0.02355751004,0.12203069902,-0.51778558781,0.20011651701,0.13069067149,0.42273124402,0.01998451227,0.15305400308,-0.02733755125,-0.00812710256
0.01337059429,-0.00381358606,0.02875235046,0.17792105578,0.01961484526,0.04151309159,0.00021557497,0.08276650442,0.02915377247,-0.04777658245,-0.01399245521,0.00796092693,-0.01848499174,-0.05407741021,-0.02269978761,0.06510655059,-0.08173316898,-0.07566974863,-0.05395397651,-0.00720875630,0.02359194395,0.12207575594,-0.51786216941,0.20010077840,0.13082919326,0.42263651606,0.01998451227,0.15315437947,-0.02731128629,-0.00810129976
0.01337059429,-0.00381358606,0.02875235046,0.17792105578,0.01961484526,0.04151309159,0.00021557497,0.08276650442,0.02915377247,-0.04777658245,-0.01399245521,0.00796092693,-0.01848499174,-0.05407741021,-0.02269978761,0.06510655059,-0.08173316898,-0.07566974863,-0.05395397651,-0.00720875630,0.02359194395,0.12207575594,-0.51786216941,0.20010077840,0.13082919326,0.42263651606,0.01998451227,0.15315437947,-0.02731128629,-0.00810129976
0.01337059429,-0.00381358606,0.02875235046,0.17792105578,0.01961484526,0.04151309159,0.00021557497,0.08276650442,0.02915377247,-0.04777658245,-0.01399245521,0.00796092693,-0.01848499174,-0.05407741021,-0.02269978761,0.06510655059,-0.08173316898,-0.07566974863,-0.05395397651,-0.00720875630,0.02359194395,0.12207575594,-0.51786216941,0.20010077840,0.13082919326,0.42263651606,0.01998451227,0.15315437947,-0.02731128629,-0.00810129976
0.01337059429,-0.00381358606,0.02875235046,0.17792105578,0.01961484526,0.04151309159,0.00021557497,0.08276650442,0.02915377247,-0.04777658245,-0.01399245521,0.00796092693,-0.01848499174,-0.05407741021,-0.02269978761,0.06510655059,-0.08173316898,-0.07566974863,-0.05395397651,-0.00720875630,0.02359194395,0.12207575594,-0.51786216941,0.20010077840,0.13082919326,0.42263651606,0.01998451227,0.15315437947,-0.02731128629,-0.00810129976
0.01328415325,-0.00381799571,0.02875235046,0.17794241856,0.01966823723,0.04151267190,0.00018796532,0.08268242459,0.02910122284,-0.04778340530,-0.01401309905,0.00800715878,-0.01848499174,-0.05411843756,-0.02269978761,0.06501329761,-0.08173155417,-0.07569824429,-0.05395249449,-0.00720875630,0.02355751004,0.12203069902,-0.51778558781,0.20011651701,0.13069067149,0.42273124402,0.01998451227,0.15305400308,-0.02733755125,-0.00812710256
0.01328415325,-0.00381799571,0.02875235046,0.17794241856,0.01966823723,0.04151267190,0.00018796532,0.08268242459,0.02910122284,-0.04778340530,-0.01401309905,0.00800715878,-0.01848499174,-0.05411843756,-0.02269978761,0.06501329761,-0.08173155417,-0.07569824429,-0.05395249449,-0.00720875630,0.02355751004,0.12203069902,-0.51778558781,0.20011651701,0.13069067149,0.42273124402,0.01998451227,0.15305400308,-0.02733755125,-0.00812710256
0.01792510976,-0.00352408462,0.03069983299,0.17505051846,0.01975752271,0.04202463574,0.00253452953,0.06975065559,0.02738180278,-0.04732008197,-0.01655268966,0.00478338942,-0.01848471941,-0.05239979602,-0.02269978761,0.06441339441,-0.08173155417,-0.07374722391,-0.05395226682,-0.00720875630,0.02622600876,0.12293991743,-0.52109404116,0.19932969150,0.13935655622,0.41354235174,0.02017416590,0.15409132770,-0.02575242158,-0.00587721093
0.01792510976,-0.00352408462,0.03069983299,0.17505051846,0.01975752271,0.04202463574,0.00253452953,0.06975065559,0.02738180278,-0.04732008197,-0.01655268966,0.00478338942,-0.01848471941,-0.05239979602,-0.02269978761,0.06441339441,-0.08173155417,-0.07374722391,-0.05395226682,-0.00720875630,0.02622600876,0.12293991743,-0.52109404116,0.19932969150,0.13935655622,0.41354235174,0.02017416590,0.15409132770,-0.02575242158,-0.00587721093
0.01792510976,-0.00352408462,0.03069983299,0.17505051846,0.01975752271,0.04202463574,0.00253452953,0.06975065559,0.02738180278,-0.04732008197,-0.01655268966,0.00478338942,-0.01848471941,-0.05239979602,-0.02269978761,0.06441339441,-0.08173155417,-0.07374722391,-0.05395226682,-0.00720875630,0.02622600876,0.12293991743,-0.52109404116,0.19932969150,0.13935655622,0.41354235174,0.02017416590,0.15409132770,-0.02575242158,-0.00587721093
0.01792510976,-0.00352408462,0.03069983299,0.17505051846,0.01975752271,0.04202463574,0.00253452953,0.06975065559,0.02738180278,-0.04732008197,-0.01655268966,0.00478338942,-0.01848471941,-0.05239979602,-0.02269978761,0.06441339441,-0.08173155417,-0.07374722391,-0.05395226682,-0.00720875630,0.02622600876,0.12293991743,-0.52109404116,0.19932969150,0.13935655622,0.41354235174,0.02017416590,0.15409132770,-0.02575242158,-0.00587721093
0.01824790123,-0.00350503882,0.03084105913,0.17520180889,0.01976147218,0.04216773045,0.00274749631,0.06885910914,0.02758122183,-0.04730615761,-0.01655631338,0.00445557532,-0.01849560465,-0.05238683339,-0.02269978761,0.06443006574,-0.08173155417,-0.07366911487,-0.05395853242,-0.00720875630,0.02627958448,0.12311660020,-0.52211797772,0.19966340202,0.13996379359,0.41380920262,0.02017416590,0.15451090963,-0.02565182419,-0.00567704044
0.01824790123,-0.00350503882,0.03084105913,0.17520180889,0.01976147218,0.04216773045,0.00274749631,0.06885910914,0.02758122183,-0.04730615761,-0.01655631338,0.00445557532,-0.01849560465,-0.05238683339,-0.02269978761,0.06443006574,-0.08173155417,-0.07366911487,-0.05395853242,-0.00720875630,0.02627958448,0.12311660020,-0.52211797772,0.19966340202,0.13996379359,0.41380920262,0.02017416590,0.15451090963,-0.02565182419,-0.00567704044
0.01834023577,-0.00350026351,0.03084105913,0.17517818346,0.01970596298,0.04216849494,0.00277752658,0.06893924669,0.02763493267,-0.04729888439,-0.01653629013,0.00440535245,-0.01849560465,-0.05234463735,-0.02269978761,0.06452447246,-0.08173316898,-0.07363860109,-0.05396001231,-0.00720875630,0.02631644055,0.12316396017,-0.52220169632,0.19964680566,0.14011348819,0.41370521683,0.02017416590,0.15461584833,-0.02562363111,-0.00564896519
0.01834023577,-0.00350026351,0.03084105913,0.17517818346,0.01970596298,0.04216849494,0.00277752658,0.06893924669,0.02763493267,-0.04729888439,-0.01653629013,0.00440535245,-0.01849560465,-0.05234463735,-0.02269978761,0.06452447246,-0.08173316898,-0.07363860109,-0.05396001231,-0.00720875630,0.02631644055,0.12316396017,-0.52220169632,0.19964680566,0.14011348819,0.41370521683,0.02017416590,0.15461584833,-0.02562363111,-0.00564896519
0.01834023577,-0.00350026351,0.03084105913,0.17517818346,0.01970596298,0.04216849494,0.00277752658,0.06893924669,0.02763493267,-0.04729888439,-0.01653629013,0.00440535245,-0.01849560465,-0.05234463735,-0.02269978761,0.06452447246,-0.08173316898,-0.07363860109,-0.05396001231,-0.00720875630,0.02631644055,0.12316396017,-0.52220169632,0.19964680566,0.14011348819,0.41370521683,0.02017416590,0.15461584833,-0.02562363111,-0.00564896519
0.01834023577,-0.00350026351,0.03084105913,0.17517818346,0.01970596298,0.04216849494,0.00277752658,0.06893924669,0.02763493267,-0.04729888439,-0.01653629013,0.00440535245,-0.01849560465,-0.05234463735,-0.02269978761,0.06452447246,-0.08173316898,-0.07363860109,-0.05396001231,-0.00720875630,0.02631644055,0.12316396017,-0.52220169632,0.19964680566,0.14011348819,0.41370521683,0.02017416590,0.15461584833,-0.02562363111,-0.00564896519
0.01824790123,-0.00350503882,0.03084105913,0.17520180889,0.01976147218,0.04216773045,0.00274749631,0.06885910914,0.02758122183,-0.04730615761,-0.01655631338,0.00445557532,-0.01849560465,-0.05238683339,-0.02269978761,0.06443006574,-0.08173155417,-0.07366911487,-0.05395853242,-0.00720875630,0.02627958448,0.12311660020,-0.52211797772,0.19966340202,0.13996379359,0.41380920262,0.02017416590,0.15451090963,-0.02565182419,-0.00567704044
0.01824790123,-0.00350503882,0.03084105913,0.17520180889,0.01976147218,0.04216773045,0.00274749631,0.06885910914,0.02758122183,-0.04730615761,-0.01655631338,0.00445557532,-0.01849560465,-0.05238683339,-0.02269978761,0.06443006574,-0.08173155417,-0.07366911487,-0.05395853242,-0.00720875630,0.02627958448,0.12311660020,-0.52211797772,0.19966340202,0.13996379359,0.41380920262,0.02017416590,0.15451090963,-0.02565182419,-0.00567704044
0.01824790123,-0.00350503882,0.03084105913,0.17520180889,0.01976147218,0.04216773045,0.00274749631,0.06885910914,0.02758122183,-0.04730615761,-0.01655631338,0.00445557532,-0.01849560465,-0.05238683339,-0.02269978761,0.06443006574,-0.08173155417,-0.07366911487,-0.05395853242,-0.00720875630,0.02627958448,0.12311660020,-0.52211797772,0.19966340202,0.13996379359,0.41380920262,0.02017416590,0.15451090963,-0.02565182419,-0.00567704044
0.01824790123,-0.00350503882,0.03084105913,0.17520180889,0.01976147218,0.04216773045,0.00274749631,0.06885910914,0.02758122183,-0.04730615761,-0.01655631338,0.00445557532,-0.01849560465,-0.05238683339,-0.02269978761,0.06443006574,-0.08173155417,-0.07366911487,-0.05395853242,-0.00720875630,0.02627958448,0.12311660020,-0.52211797772,0.19966340202,0.13996379359,0.41380920262,0.02017416590,0.15451090963,-0.02565182419,-0.00567704044
0.01824790123,-0.00350503882,0.03084105913,0.17520180889,0.01976147218,0.04216773045,0.00274749631,0.06885910914,0.02758122183,-0.04730615761,-0.01655631338,0.00445557532,-0.01849560465,-0.05238683339,-0.02269978761,0.06443006574,-0.08173155417,-0.07366911487,-0.05395853242,-0.00720875630,0.02627958448,0.12311660020,-0.52211797772,0.19966340202,0.13996379359,0.41380920262,0.02017416590,0.15451090963,-0.02565182419,-0.00567704044
0.01824790123,-0.00350503882,0.03084105913,0.17520180889,0.01976147218,0.04216773045,0.00274749631,0.06885910914,0.02758122183,-0.04730615761,-0.01655631338,0.00445557532,-0.01849560465,-0.05238683339,-0.02269978761,0.06443006574,-0.08173155417,-0.07366911487,-0.05395853242,-0.00720875630,0.02627958448,0.12311660020,-0.52211797772,0.19966340202,0.13996379359,0.41380920262,0.02017416590,0.15451090963,-0.02565182419,-0.00567704044
0.01824790123,-0.00350503882,0.03084105913,0.17520180889,0.01976147218,0.04216773045,0.00274749631,0.06885910914,0.02758122183,-0.04730615761,-0.01655631338,0.00445557532,-0.01849560465,-0.05238683339,-0.02269978761,0.06443006574,-0.08173155417,-0.07366911487,-0.05395853242,-0.00720875630,0.02627958448,0.12311660020,-0.52211797772,0.19966340202,0.13996379359,0.41380920262,0.02017416590,0.15451090963,-0.02565182419,-0.00567704044
0.01824790123,-0.00350503882,0.03084105913,0.17520180889,0.01976147218,0.04216773045,0.00274749631,0.06885910914,0.02758122183,-0.04730615761,-0.01655631338,0.00445557532,-0.01849560465,-0.05238683339,-0.02269978761,0.06443006574,-0.08173155417,-0.07366911487,-0.05395853242,-0.00720875630,0.02627958448,0.12311660020,-0.52211797772,0.19966340202,0.13996379359,0.41380920262,0.02017416590,0.15451090963,-0.02565182419,-0.00567704044
0.01834023577,-0.00350026351,0.03084105913,0.17517818346,0.01970596298,0.04216849494,0.00277752658,0.06893924669,0.02763493267,-0.04729888439,-0.01653629013,0.00440535245,-0.01849560465,-0.05234463735,-0.02269978761,0.06452447246,-0.08173316898,-0.07363860109,-0.05396001231,-0.00720875630,0.02631644055,0.12316396017,-0.52220169632,0.19964680566,0.14011348819,0.41370521683,0.02017416590,0.15461584833,-0.02562363111,-0.00564896519
0.01834023577,-0.00350026351,0.03084105913,0.17517818346,0.01970596298,0.04216849494,0.00277752658,0.06893924669,0.02763493267,-0.04729888439,-0.01653629013,0.00440535245,-0.01849560465,-0.05234463735,-0.02269978761,0.06452447246,-0.08173316898,-0.07363860109,-0.05396001231,-0.00720875630,0.02631644055,0.12316396017,-0.52220169632,0.19964680566,0.14011348819,0.41370521683,0.02017416590,0.15461584833,-0.02562363111,-0.00564896519
0.01834023577,-0.00350026351,0.03084105913,0.17517818346,0.01970596298,0.04216849494,0.00277752658,0.06893924669,0.02763493267,-0.04729888439,-0.01653629013,0.00440535245,-0.01849560465,-0.05234463735,-0.02269978761,0.06452447246,-0.08173316898,-0.07363860109,-0.05396001231,-0.00720875630,0.02631644055,0.12316396017,-0.52220169632,0.19964680566,0.14011348819,0.41370521683,0.02017416590,0.15461584833,-0.02562363111,-0.00564896519
0.01834023577,-0.00350026351,0.03084105913,0.17517818346,0.01970596298,0.04216849494,0.00277752658,0.06893924669,0.02763493267,-0.04729888439,-0.01653629013,0.00440535245,-0.01849560465,-0.05234463735,-0.02269978761,0.06452447246,-0.08173316898,-0.07363860109,-0.05396001231,-0.00720875630,0.02631644055,0.12316396017,-0.52220169632,0.19964680566,0.14011348819,0.41370521683,0.02017416590,0.15461584833,-0.02562363111,-0.00564896519
0.01824790123,-0.00350503882,0.03084105913,0.17520180889,0.01976147218,0.04216773045,0.00274749631,0.06885910914,0.02758122183,-0.04730615761,-0.01655631338,0.00445557532,-0.01849560465,-0.05238683339,-0.02269978761,0.06443006574,-0.08173155417,-0.07366911487,-0.05395853242,-0.00720875630,0.02627958448,0.12311660020,-0.52211797772,0.19966340202,0.13996379359,0.41380920262,0.02017416590,0.15451090963,-0.02565182419,-0.00567704044
0.01824790123,-0.00350503882,0.03084105913,0.17520180889,0.01976147218,0.04216773045,0.00274749631,0.06885910914,0.02758122183,-0.04730615761,-0.01655631338,0.00445557532,-0.01849560465,-0.05238683339,-0.02269978761,0.06443006574,-0.08173155417,-0.07366911487,-0.05395853242,-0.00720875630,0.02627958448,0.12311660020,-0.52211797772,0.19966340202,0.13996379359,0.41380920262,0.02017416590,0.15451090963,-0.02565182419,-0.00567704044
0.01824790123,-0.00350503882,0.03084105913,0.17520180889,0.01976147218,0.04216773045,0.00274749631,0.06885910914,0.02758122183,-0.04730615761,-0.01655631338,0.00445557532,-0.01849560465,-0.05238683339,-0.02269978761,0.06443006574,-0.08173155417,-0.07366911487,-0.05395853242,-0.00720875630,0.02627958448,0.12311660020,-0.52211797772,0.19966340202,0.13996379359,0.41380920262,0.02017416590,0.15451090963,-0.02565182419,-0.00567704044
0.01824790123,-0.00350503882,0.03084105913,0.17520180889,0.01976147218,0.04216773045,0.00274749631,0.06885910914,0.02758122183,-0.04730615761,-0.01655631338,0.00445557532,-0.01849560465,-0.05238683339,-0.02269978761,0.06443006574,-0.08173155417,-0.07366911487,-0.05395853242,-0.00720875630,0.02627958448,0.12311660020,-0.52211797772,0.19966340202,0.13996379359,0.41380920262,0.02017416590,0.15451090963,-0.02565182419,-0.00567704044
0.03918127914,-0.00259793563,0.03084105913,0.17209199893,0.01867672391,0.03807589667,-0.01407145325,0.08876978149,0.03988620657,-0.05791881432,-0.01275275363,0.00539632141,-0.01849560465,-0.03568260838,-0.02269978761,0.10570563606,-0.11397247941,-0.08322247496,-0.03911658092,-0.00720875630,0.03649443621,0.13388128051,-0.52120872615,0.21196376446,0.16935801259,0.45232872007,0.02017416590,0.18100092282,-0.02092138623,-0.02009843419
0.03949496869,-0.00258066049,0.03093228201,0.17195543894,0.01874893989,0.03830787497,-0.01392665876,0.08734974671,0.03962559262,-0.05791035704,-0.01376665863,0.00526847819,-0.01848966691,-0.03557239380,-0.02262927127,0.10546585768,-0.11396926859,-0.08313380481,-0.03908061283,-0.00720875630,0.03657436604,0.13449004428,-0.52215373460,0.21216881891,0.16969522050,0.45299709826,0.02027373819,0.18142352703,-0.02081276554,-0.01995274165
0.03949496869,-0.00258066049,0.03093228201,0.17195543894,0.01874893989,0.03830787497,-0.01392665876,0.08734974671,0.03962559262,-0.05791035704,-0.01376665863,0.00526847819,-0.01848966691,-0.03557239380,-0.02262927127,0.10546585768,-0.11396926859,-0.08313380481,-0.03908061283,-0.00720875630,0.03657436604,0.13449004428,-0.52215373460,0.21216881891,0.16969522050,0.45299709826,0.02027373819,0.18142352703,-0.02081276554,-0.01995274165
0.03949496869,-0.00258066049,0.03093228201,0.17195543894,0.01874893989,0.03830787497,-0.01392665876,0.08734974671,0.03962559262,-0.05791035704,-0.01376665863,0.00526847819,-0.01848966691,-0.03557239380,-0.02262927127,0.10546585768,-0.11396926859,-0.08313380481,-0.03908061283,-0.00720875630,0.03657436604,0.13449004428,-0.52215373460,0.21216881891,0.16969522050,0.45299709826,0.02027373819,0.18142352703,-0.02081276554,-0.01995274165
0.03949496869,-0.00258066049,0.03093228201,0.17195543894,0.01874893989,0.03830787497,-0.01392665876,0.08734974671,0.03962559262,-0.05791035704,-0.01376665863,0.00526847819,-0.01848966691,-0.03557239380,-0.02262927127,0.10546585768,-0.11396926859,-0.08313380481,-0.03908061283,-0.00720875630,0.03657436604,0.13449004428,-0.52215373460,0.21216881891,0.16969522050,0.45299709826,0.02027373819,0.18142352703,-0.02081276554,-0.01995274165
0.03949496869,-0.00258066049,0.03093228201,0.17195543894,0.01874893989,0.03830787497,-0.01392665876,0.08734974671,0.03962559262,-0.05791035704,-0.01376665863,0.00526847819,-0.01848966691,-0.03557239380,-0.02262927127,0.10546585768,-0.11396926859,-0.08313380481,-0.03908061283,-0.00720875630,0.03657436604,0.13449004428,-0.52215373460,0.21216881891,0.16969522050,0.45299709826,0.02027373819,0.18142352703,-0.02081276554,-0.01995274165
0.03949496869,-0.00258066049,0.03093228201,0.17195543894,0.01874893989,0.03830787497,-0.01392665876,0.08734974671,0.03962559262,-0.05791035704,-0.01376665863,0.00526847819,-0.01848966691,-0.03557239380,-0.02262927127,0.10546585768,-0.11396926859,-0.08313380481,-0.03908061283,-0.00720875630,0.03657436604,0.13449004428,-0.52215373460,0.21216881891,0.16969522050,0.45299709826,0.02027373819,0.18142352703,-0.02081276554,-0.01995274165
0.03949496869,-0.00258066049,0.03093228201,0.17195543894,0.01874893989,0.03830787497,-0.01392665876,0.08734974671,0.03962559262,-0.05791035704,-0.01376665863,0.00526847819,-0.01848966691,-0.03557239380,-0.02262927127,0.10546585768,-0.11396926859,-0.08313380481,-0.03908061283,-0.00720875630,0.03657436604,0.13449004428,-0.52215373460,0.21216881891,0.16969522050,0.45299709826,0.02027373819,0.18142352703,-0.02081276554,-0.01995274165
0.03949496869,-0.00258066049,0.03093228201,0.17195543894,0.01874893989,0.03830787497,-0.01392665876,0.08734974671,0.03962559262,-0.05791035704,-0.01376665863,0.00526847819,-0.01848966691,-0.03557239380,-0.02262927127,0.10546585768,-0.11396926859,-0.08313380481,-0.03908061283,-0.00720875630,0.03657436604,0.13449004428,-0.52215373460,0.21216881891,0.16969522050,0.45299709826,0.02027373819,0.18142352703,-0.02081276554,-0.01995274165
0.03949496869,-0.00258066049,0.03093228201,0.17195543894,0.01874893989,0.03830787497,-0.01392665876,0.08734974671,0.03962559262,-0.05791035704,-0.01376665863,0.00526847819,-0.01848966691,-0.03557239380,-0.02262927127,0.10546585768,-0.11396926859,-0.08313380481,-0.03908061283,-0.00720875630,0.03657436604,0.13449004428,-0.52215373460,0.21216881891,0.16969522050,0.45299709826,0.02027373819,0.18142352703,-0.02081276554,-0.01995274165
0.03949496869,-0.00258066049,0.03093228201,0.17195543894,0.01874893989,0.03830787497,-0.01392665876,0.08734974671,0.03962559262,-0.05791035704,-0.01376665863,0.00526847819,-0.01848966691,-0.03557239380,-0.02262927127,0.10546585768,-0.11396926859,-0.08313380481,-0.03908061283,-0.00720875630,0.03657436604,0.13449004428,-0.52215373460,0.21216881891,0.16969522050,0.45299709826,0.02027373819,0.18142352703,-0.02081276554,-0.01995274165
0.03949496869,-0.00258066049,0.03093228201,0.17195543894,0.01874893989,0.03830787497,-0.01392665876,0.08734974671,0.03962559262,-0.05791035704,-0.01376665863,0.00526847819,-0.01848966691,-0.03557239380,-0.02262927127,0.10546585768,-0.11396926859,-0.08313380481,-0.03908061283,-0.00720875630,0.03657436604,0.13449004428,-0.52215373460,0.21216881891,0.16969522050,0.45299709826,0.02027373819,0.18142352703,-0.02081276554,-0.01995274165
0.03949496869,-0.00258066049,0.03093228201,0.17195543894,0.01874893989,0.03830787497,-0.01392665876,0.08734974671,0.03962559262,-0.05791035704,-0.01376665863,0.00526847819,-0.01848966691,-0.03557239380,-0.02262927127,0.10546585768,-0.11396926859,-0.08313380481,-0.03908061283,-0.00720875630,0.03657436604,0.13449004428,-0.52215373460,0.21216881891,0.16969522050,0.45299709826,0.02027373819,0.18142352703,-0.02081276554,-0.01995274165
0.03949496869,-0.00258066049,0.03093228201,0.17195543894,0.01874893989,0.03830787497,-0.01392665876,0.08734974671,0.03962559262,-0.05791035704,-0.01376665863,0.00526847819,-0.01848966691,-0.03557239380,-0.02262927127,0.10546585768,-0.11396926859,-0.08313380481,-0.03908061283,-0.00720875630,0.03657436604,0.13449004428,-0.52215373460,0.21216881891,0.16969522050,0.45299709826,0.02027373819,0.18142352703,-0.02081276554,-0.01995274165
0.03949496869,-0.00258066049,0.03093228201,0.17195543894,0.01874893989,0.03830787497,-0.01392665876,0.08734974671,0.03962559262,-0.05791035704,-0.01376665863,0.00526847819,-0.01848966691,-0.03557239380,-0.02262927127,0.10546585768,-0.11396926859,-0.08313380481,-0.03908061283,-0.00720875630,0.03657436604,0.13449004428,-0.52215373460,0.21216881891,0.16969522050,0.45299709826,0.02027373819,0.18142352703,-0.02081276554,-0.01995274165
0.03949496869,-0.00258066049,0.03093228201,0.17195543894,0.01874893989,0.03830787497,-0.01392665876,0.08734974671,0.03962559262,-0.05791035704,-0.01376665863,0.00526847819,-0.01848966691,-0.03557239380,-0.02262927127,0.10546585768,-0.11396926859,-0.08313380481,-0.03908061283,-0.00720875630,0.03657436604,0.13449004428,-0.52215373460,0.21216881891,0.16969522050,0.45299709826,0.02027373819,0.18142352703,-0.02081276554,-0.01995274165
0.03949496869,-0.00258066049,0.03093228201,0.17195543894,0.01874893989,0.03830787497,-0.01392665876,0.08734974671,0.03962559262,-0.05791035704,-0.01376665863,0.00526847819,-0.01848966691,-0.03557239380,-0.02262927127,0.10546585768,-0.11396926859,-0.08313380481,-0.03908061283,-0.00720875630,0.03657436604,0.13449004428,-0.52215373460,0.21216881891,0.16969522050,0.45299709826,0.02027373819,0.18142352703,-0.02081276554,-0.01995274165
0.03949496869,-0.00258066049,0.03093228201,0.17195543894,0.01874893989,0.03830787497,-0.01392665876,0.08734974671,0.03962559262,-0.05791035704,-0.01376665863,0.00526847819,-0.01848966691,-0.03557239380,-0.02262927127,0.10546585768,-0.11396926859,-0.08313380481,-0.03908061283,-0.00720875630,0.03657436604,0.13449004428,-0.52215373460,0.21216881891,0.16969522050,0.45299709826,0.02027373819,0.18142352703,-0.02081276554,-0.01995274165
0.03949496869,-0.00258066049,0.03093228201,0.17195543894,0.01874893989,0.03830787497,-0.01392665876,0.08734974671,0.03962559262,-0.05791035704,-0.01376665863,0.00526847819,-0.01848966691,-0.03557239380,-0.02262927127,0.10546585768,-0.11396926859,-0.08313380481,-0.03908061283,-0.00720875630,0.03657436604,0.13449004428,-0.52215373460,0.21216881891,0.16969522050,0.45299709826,0.02027373819,0.18142352703,-0.02081276554,-0.01995274165
0.03949496869,-0.00258066049,0.03093228201,0.17195543894,0.01874893989,0.03830787497,-0.01392665876,0.08734974671,0.03962559262,-0.05791035704,-0.01376665863,0.00526847819,-0.01848966691,-0.03557239380,-0.02262927127,0.10546585768,-0.11396926859,-0.08313380481,-0.03908061283,-0.00720875630,0.03657436604,0.13449004428,-0.52215373460,0.21216881891,0.16969522050,0.45299709826,0.02027373819,0.18142352703,-0.02081276554,-0.01995274165
0.03949496869,-0.00258066049,0.03093228201,0.17195543894,0.01874893989,0.03830787497,-0.01392665876,0.08734974671,0.03962559262,-0.05791035704,-0.01376665863,0.00526847819,-0.01848966691,-0.03557239380,-0.02262927127,0.10546585768,-0.11396926859,-0.08313380481,-0.03908061283,-0.00720875630,0.03657436604,0.13449004428,-0.52215373460,0.21216881891,0.16969522050,0.45299709826,0.02027373819,0.18142352703,-0.02081276554,-0.01995274165
0.03949496869,-0.00258066049,0.03093228201,0.17195543894,0.01874893989,0.03830787497,-0.01392665876,0.08734974671,0.03962559262,-0.05791035704,-0.01376665863,0.00526847819,-0.01848966691,-0.03557239380,-0.02262927127,0.10546585768,-0.11396926859,-0.08313380481,-0.03908061283,-0.00720875630,0.03657436604,0.13449004428,-0.52215373460,0.21216881891,0.16969522050,0.45299709826,0.02027373819,0.18142352703,-0.02081276554,-0.01995274165
0.03949496869,-0.00258066049,0.03093228201,0.17195543894,0.01874893989,0.03830787497,-0.01392665876,0.08734974671,0.03962559262,-0.05791035704,-0.01376665863,0.00526847819,-0.01848966691,-0.03557239380,-0.02262927127,0.10546585768,-0.11396926859,-0.08313380481,-0.03908061283,-0.00720875630,0.03657436604,0.13449004428,-0.52215373460,0.21216881891,0.16969522050,0.45299709826,0.02027373819,0.18142352703,-0.02081276554,-0.01995274165
0.03949496869,-0.00258066049,0.03093228201,0.17195543894,0.01874893989,0.03830787497,-0.01392665876,0.08734974671,0.03962559262,-0.05791035704,-0.01376665863,0.00526847819,-0.01848966691,-0.03557239380,-0.02262927127,0.10546585768,-0.11396926859,-0.08313380481,-0.03908061283,-0.00720875630,0.03657436604,0.13449004428,-0.52215373460,0.21216881891,0.16969522050,0.45299709826,0.02027373819,0.18142352703,-0.02081276554,-0.01995274165
0.03947840999,-0.00258903733,0.03098113921,0.17181276202,0.01875110393,0.03823973610,-0.01399275223,0.08749824160,0.03968073128,-0.05791693929,-0.01370981562,0.00526996755,-0.01846881662,-0.03559961642,-0.02272600955,0.10550364108,-0.11396904383,-0.08312818748,-0.03895018799,-0.00720875629,0.03664758117,0.13444023816,-0.52215199806,0.21210518589,0.16984932689,0.45321303237,0.02034744586,0.18115040733,-0.02081564385,-0.02001037460
0.03947840999,-0.00258903733,0.03098113921,0.17181276202,0.01875110393,0.03823973610,-0.01399275223,0.08749824160,0.03968073128,-0.05791693929,-0.01370981562,0.00526996755,-0.01846881662,-0.03559961642,-0.02272600955,0.10550364108,-0.11396904383,-0.08312818748,-0.03895018799,-0.00720875629,0.03664758117,0.13444023816,-0.52215199806,0.21210518589,0.16984932689,0.45321303237,0.02034744586,0.18115040733,-0.02081564385,-0.02001037460
0.03947840999,-0.00258903733,0.03098113921,0.17181276202,0.01875110393,0.03823973610,-0.01399275223,0.08749824160,0.03968073128,-0.05791693929,-0.01370981562,0.00526996755,-0.01846881662,-0.03559961642,-0.02272600955,0.10550364108,-0.11396904383,-0.08312818748,-0.03895018799,-0.00720875629,0.03664758117,0.13444023816,-0.52215199806,0.21210518589,0.16984932689,0.45321303237,0.02034744586,0.18115040733,-0.02081564385,-0.02001037460
0.03947840999,-0.00258903733,0.03098113921,0.17181276202,0.01875110393,0.03823973610,-0.01399275223,0.08749824160,0.03968073128,-0.05791693929,-0.01370981562,0.00526996755,-0.01846881662,-0.03559961642,-0.02272600955,0.10550364108,-0.11396904383,-0.08312818748,-0.03895018799,-0.00720875629,0.03664758117,0.13444023816,-0.52215199806,0.21210518589,0.16984932689,0.45321303237,0.02034744586,0.18115040733,-0.02081564385,-0.02001037460
0.03947840999,-0.00258903733,0.03098113921,0.17181276202,0.01875110393,0.03823973610,-0.01399275223,0.08749824160,0.03968073128,-0.05791693929,-0.01370981562,0.00526996755,-0.01846881662,-0.03559961642,-0.02272600955,0.10550364108,-0.11396904383,-0.08312818748,-0.03895018799,-0.00720875629,0.03664758117,0.13444023816,-0.52215199806,0.21210518589,0.16984932689,0.45321303237,0.02034744586,0.18115040733,-0.02081564385,-0.02001037460
0.03947840999,-0.00258903733,0.03098113921,0.17181276202,0.01875110393,0.03823973610,-0.01399275223,0.08749824160,0.03968073128,-0.05791693929,-0.01370981562,0.00526996755,-0.01846881662,-0.03559961642,-0.02272600955,0.10550364108,-0.11396904383,-0.08312818748,-0.03895018799,-0.00720875629,0.03664758117,0.13444023816,-0.52215199806,0.21210518589,0.16984932689,0.45321303237,0.02034744586,0.18115040733,-0.02081564385,-0.02001037460
0.03947840999,-0.00258903733,0.03098113921,0.17181276202,0.01875110393,0.03823973610,-0.01399275223,0.08749824160,0.03968073128,-0.05791693929,-0.01370981562,0.00526996755,-0.01846881662,-0.03559961642,-0.02272600955,0.10550364108,-0.11396904383,-0.08312818748,-0.03895018799,-0.00720875629,0.03664758117,0.13444023816,-0.52215199806,0.21210518589,0.16984932689,0.45321303237,0.02034744586,0.18115040733,-0.02081564385,-0.02001037460
0.03947840999,-0.00258903733,0.03098113921,0.17181276202,0.01875110393,0.03823973610,-0.01399275223,0.08749824160,0.03968073128,-0.05791693929,-0.01370981562,0.00526996755,-0.01846881662,-0.03559961642,-0.02272600955,0.10550364108,-0.11396904383,-0.08312818748,-0.03895018799,-0.00720875629,0.03664758117,0.13444023816,-0.52215199806,0.21210518589,0.16984932689,0.45321303237,0.02034744586,0.18115040733,-0.02081564385,-0.02001037460
0.03947840999,-0.00258903733,0.03098113921,0.17181276202,0.01875110393,0.03823973610,-0.01399275223,0.08749824160,0.03968073128,-0.05791693929,-0.01370981562,0.00526996755,-0.01846881662,-0.03559961642,-0.02272600955,0.10550364108,-0.11396904383,-0.08312818748,-0.03895018799,-0.00720875629,0.03664758117,0.13444023816,-0.52215199806,0.21210518589,0.16984932689,0.45321303237,0.02034744586,0.18115040733,-0.02081564385,-0.02001037460
0.03947840999,-0.00258903733,0.03098113921,0.17181276202,0.01875110393,0.03823973610,-0.01399275223,0.08749824160,0.03968073128,-0.05791693929,-0.01370981562,0.00526996755,-0.01846881662,-0.03559961642,-0.02272600955,0.10550364108,-0.11396904383,-0.08312818748,-0.03895018799,-0.00720875629,0.03664758117,0.13444023816,-0.52215199806,0.21210518589,0.16984932689,0.45321303237,0.02034744586,0.18115040733,-0.02081564385,-0.02001037460
0.03947840999,-0.00258903733,0.03098113921,0.17181276202,0.01875110393,0.03823973610,-0.01399275223,0.08749824160,0.03968073128,-0.05791693929,-0.01370981562,0.00526996755,-0.01846881662,-0.03559961642,-0.02272600955,0.10550364108,-0.11396904383,-0.08312818748,-0.03895018799,-0.00720875629,0.03664758117,0.13444023816,-0.52215199806,0.21210518589,0.16984932689,0.45321303237,0.02034744586,0.18115040733,-0.02081564385,-0.02001037460
0.03947840999,-0.00258903733,0.03098113921,0.17181276202,0.01875110393,0.03823973610,-0.01399275223,0.08749824160,0.03968073128,-0.05791693929,-0.01370981562,0.00526996755,-0.01846881662,-0.03559961642,-0.02272600955,0.10550364108,-0.11396904383,-0.08312818748,-0.03895018799,-0.00720875629,0.03664758117,0.13444023816,-0.52215199806,0.21210518589,0.16984932689,0.45321303237,0.02034744586,0.18115040733,-0.02081564385,-0.02001037460