Closure_ID,year,mean_pauc,mean_pinn,mean_cram,mean_alut,mean_ento,mean_rube,mean_auro,mean_good,mean_elon,mean_alti,mean_zace,mean_jord,mean_bore,mean_alas,mean_dipl,mean_saxi,mean_flav
2002-09,2002,73.852798090949,376.151947351596,459.263771382599,551.415309576185,98.720275807211,14.786916133844,11.268865294138,595.456626604515,457.431140389274,30.443178180974,1111.996588716890,14.795464427510,0.513624072991,206.433983096156,435.460419765667,217.242987472852,462.920727300971
2002-10,2002,134.812623998317,313.577083298537,1643.322648834720,1669.179399362280,103.495751829231,15.100163530199,39.673900539411,1181.877843051110,618.959683033970,119.971729709722,3088.065479563430,39.975782841043,1.667923881492,685.335064589535,1627.245863996640,586.085245313845,483.967612588533
2002-11,2002,134.812623998317,313.577083298537,1643.322648834720,1669.179399362280,103.495751829231,15.100163530199,39.673900539411,1181.877843051110,618.959683033970,119.971729709722,3088.065479563430,39.975782841043,1.667923881492,685.335064589535,1627.245863996640,586.085245313845,483.967612588533
2002-12,2002,134.812623998317,313.577083298537,1643.322648834720,1669.179399362280,103.495751829231,15.100163530199,39.673900539411,1181.877843051110,618.959683033970,119.971729709722,3088.065479563430,39.975782841043,1.667923881492,685.335064589535,1627.245863996640,586.085245313845,483.967612588533
2003-01,2003,213.554478877139,198.605317627962,565.226670082388,548.964312328529,78.869602191588,9.122071668241,29.146764819395,2046.689901131800,310.554834288752,93.547904822553,1024.504862641990,444.879901136898,0.759961432642,338.892068337511,967.907276608767,734.134432356113,305.293261972106
2003-02,2003,230.644777078812,217.175640177742,591.695097206120,606.781331869803,83.241743219324,9.964075212359,22.631326305621,2212.025205242530,338.770717981578,37.414363135454,1103.460472773790,490.289424354777,0.776768495673,313.129124270840,897.711091120334,785.033085861899,333.956775822788
2003-03,2003,215.042334807224,195.788960556359,789.781753365173,576.649808427065,81.088682449668,9.175964650922,29.042274478673,2065.079841114110,327.740170986956,61.345895523451,1129.630737827540,458.826915913411,0.851603168795,355.387556327495,1082.121728189050,747.925584938275,304.838814552810
2003-04,2003,215.042334807224,195.788960556359,789.781753365173,576.649808427065,81.088682449668,9.175964650922,29.042274478673,2065.079841114110,327.740170986956,61.345895523451,1129.630737827540,458.826915913411,0.851603168795,355.387556327495,1082.121728189050,747.925584938275,304.838814552810
2003-05,2003,180.400170466990,432.902625219918,357.595345192421,451.904195513738,102.567350257520,17.873308706022,16.694449005021,1652.007867397270,523.555655621860,24.955388495092,982.752589482741,334.165156133001,0.433593385526,166.627061844902,639.442560369518,567.637986642676,561.240186734198
2003-06,2003,180.400170466990,432.902625219918,357.595345192421,451.904195513738,102.567350257520,17.873308706022,16.694449005021,1652.007867397270,523.555655621860,24.955388495092,982.752589482741,334.165156133001,0.433593385526,166.627061844902,639.442560369518,567.637986642676,561.240186734198
2003-07,2003,221.901520217170,379.989196288079,467.146721734912,588.923321817709,96.387193326397,17.364685088245,21.941910767064,2085.456022411890,501.171392876718,33.963662745910,1283.871403941790,454.393009136773,0.525313039453,206.588730688267,853.805001952296,741.145864130313,531.448167011280
2003-08,2003,221.901520217170,379.989196288079,467.146721734912,588.923321817709,96.387193326397,17.364685088245,21.941910767064,2085.456022411890,501.171392876718,33.963662745910,1283.871403941790,454.393009136773,0.525313039453,206.588730688267,853.805001952296,741.145864130313,531.448167011280
2003-09,2003,180.341537043168,459.511983267560,382.417852934311,484.281129844405,104.847149904526,18.692999746848,16.326743367773,1640.280659746140,555.798978741063,20.292162979451,1051.057961587910,315.173980353528,0.439598732712,162.957936337215,618.670857173980,554.825731288462,590.323777429005
2003-10,2003,180.341537043168,459.511983267560,382.417852934311,484.281129844405,104.847149904526,18.692999746848,16.326743367773,1640.280659746140,555.798978741063,20.292162979451,1051.057961587910,315.173980353528,0.439598732712,162.957936337215,618.670857173980,554.825731288462,590.323777429005
2003-11,2003,109.285073929820,275.886442479506,208.157162209293,261.166128126597,76.678719814516,10.470239667218,9.758367406502,972.738311457935,318.873750481098,10.761207860955,572.435256732793,184.002800418754,0.242739379438,89.912318784747,325.730014485352,311.355178647192,338.235246693307
2003-12,2003,109.670159062177,281.252080322973,187.881532609865,264.021281348715,77.566967857353,10.751566997147,8.171704054180,974.964792424651,329.121235761269,10.076894117397,570.723156444206,176.415059507995,0.188277995659,81.519772417552,268.412836180565,308.721975438435,345.928044478585
2004-01,2004,273.332155815517,537.542230077261,636.064712807496,879.674634110598,114.206594293289,24.412328651528,15.688658015308,2571.964288502470,709.892969847430,19.162355099172,1924.118816721230,413.257394684365,0.530490016580,229.620614058538,704.714640855069,898.917818288702,733.629807909200
2004-02,2004,273.250906565847,537.444855706844,635.543666042658,878.954028779660,114.452523403037,24.460490510010,15.677077844947,2570.988305304750,709.318485917598,19.157839384621,1922.542631362420,417.663312969531,0.531212237458,229.460343528658,703.379017879223,898.706459065086,734.633224833984
2004-03,2004,226.222172545600,575.597103895860,499.887567950987,694.405219377840,116.732009430284,24.468655315843,12.549783375775,2085.234378142020,753.960293395706,14.429900341287,1509.013336903070,316.374940740389,0.449916776307,189.966780002455,536.196013155229,705.624536197696,745.278492056518
2004-04,2004,226.222172545600,575.597103895860,499.887567950987,694.405219377840,116.732009430284,24.468655315843,12.549783375775,2085.234378142020,753.960293395706,14.429900341287,1509.013336903070,316.374940740389,0.449916776307,189.966780002455,536.196013155229,705.624536197696,745.278492056518
2004-05,2004,213.967767742639,625.120776090502,297.225174173428,685.982716719591,118.706529917349,26.480780314447,9.699461551468,1964.531154955820,813.645334425004,4.152286743939,1426.850859128360,272.470570328106,0.261796201985,133.768538945026,318.438842268164,659.250685084777,801.656517786661
2004-06,2004,213.967767742639,625.120776090502,297.225174173428,685.982716719591,118.706529917349,26.480780314447,9.699461551468,1964.531154955820,813.645334425004,4.152286743939,1426.850859128360,272.470570328106,0.261796201985,133.768538945026,318.438842268164,659.250685084777,801.656517786661
2004-07,2004,266.853053017665,601.194012961381,373.904541540536,897.364333832841,116.531826956075,27.384140475974,12.362311361556,2512.744476940630,782.177762500130,5.493593001797,1897.715921169460,378.183313703493,0.277933540841,156.843988819412,423.958737605824,875.349464749354,813.574178695381
2004-08,2004,266.853053017665,601.194012961381,373.904541540536,897.364333832841,116.531826956075,27.384140475974,12.362311361556,2512.744476940630,782.177762500130,5.493593001797,1897.715921169460,378.183313703493,0.277933540841,156.843988819412,423.958737605824,875.349464749354,813.574178695381
2004-09,2004,298.295230309029,608.539732307762,360.889024812583,861.208517733162,117.545845956249,27.642130364831,12.680295493918,2821.775159233730,754.108196741101,5.980983993481,1822.868114216190,446.866438695176,0.271696939585,153.802602604481,432.351185333634,940.851250741248,829.621230386179
2004-10,2004,104.162997802147,268.756031257269,291.522876205235,327.148621864463,77.704189802637,10.402134496448,11.824443415672,922.601441108979,320.776301153485,21.241255842360,692.385816259711,178.104977821584,0.340281111665,137.900687810400,369.153030426422,296.699798619508,335.286553160885
2004-11,2004,104.162997802147,268.756031257269,291.522876205235,327.148621864463,77.704189802637,10.402134496448,11.824443415672,922.601441108979,320.776301153485,21.241255842360,692.385816259711,178.104977821584,0.340281111665,137.900687810400,369.153030426422,296.699798619508,335.286553160885
2004-12,2004,104.162997802147,268.756031257269,291.522876205235,327.148621864463,77.704189802637,10.402134496448,11.824443415672,922.601441108979,320.776301153485,21.241255842360,692.385816259711,178.104977821584,0.340281111665,137.900687810400,369.153030426422,296.699798619508,335.286553160885
2005-01,2005,278.210229253120,548.774385466795,618.195534619978,890.565620979491,115.555395218222,25.018071944029,14.973403521823,2622.230870421520,725.008258247591,14.981082538381,1911.489399825390,387.767265383665,0.483011213313,218.458882460912,652.627089860699,912.122804767514,754.272815896454
2005-02,2005,278.210229253120,548.774385466795,618.195534619978,890.565620979491,115.555395218222,25.018071944029,14.973403521823,2622.230870421520,725.008258247591,14.981082538381,1911.489399825390,387.767265383665,0.483011213313,218.458882460912,652.627089860699,912.122804767514,754.272815896454
2005-03,2005,273.742281411839,268.021011077408,821.461597040780,609.028207217149,96.742210450396,12.476943475174,21.915981392771,2655.192773058560,483.322563989789,27.889795382258,1237.596639141520,463.820249555806,0.674866846349,274.690164180029,1034.273310083860,1040.938927394390,407.992056561953
2005-04,2005,273.631394545151,268.233956706267,821.659366029928,609.222102456590,96.800679192783,12.486162793946,21.903804273503,2654.036708034980,483.383928207983,27.906745646596,1238.153969859140,463.526636947906,0.675469159029,274.859232912238,1034.525245468110,1040.505437298440,408.171040234107
2005-05,2005,278.639752309675,276.412224570012,836.168980753317,629.429999431368,97.541758286108,12.865519006603,20.266913442003,2703.488707656590,496.984411811100,27.676605259581,1271.920889448840,474.102443847812,0.680536877778,277.920273385570,977.962055400871,1051.840058694420,420.376880362442
2005-06,2005,278.639752309675,276.412224570012,836.168980753317,629.429999431368,97.541758286108,12.865519006603,20.266913442003,2703.488707656590,496.984411811100,27.676605259581,1271.920889448840,474.102443847812,0.680536877778,277.920273385570,977.962055400871,1051.840058694420,420.376880362442
2005-07,2005,278.639752309675,276.412224570012,836.168980753317,629.429999431368,97.541758286108,12.865519006603,20.266913442003,2703.488707656590,496.984411811100,27.676605259581,1271.920889448840,474.102443847812,0.680536877778,277.920273385570,977.962055400871,1051.840058694420,420.376880362442
2005-08,2005,278.639752309675,276.412224570012,836.168980753317,629.429999431368,97.541758286108,12.865519006603,20.266913442003,2703.488707656590,496.984411811100,27.676605259581,1271.920889448840,474.102443847812,0.680536877778,277.920273385570,977.962055400871,1051.840058694420,420.376880362442
2005-09,2005,278.639752309675,276.412224570012,836.168980753317,629.429999431368,97.541758286108,12.865519006603,20.266913442003,2703.488707656590,496.984411811100,27.676605259581,1271.920889448840,474.102443847812,0.680536877778,277.920273385570,977.962055400871,1051.840058694420,420.376880362442
2005-10,2005,112.639208994500,282.963015465970,309.270533653103,347.063419407475,81.736499383994,11.031913827476,14.554053718875,1010.023790324040,335.927707693890,24.972034379014,734.635444290049,192.526783047207,0.369797065587,151.226634469097,479.097703082131,336.395166104663,353.932184651927
2005-11,2005,112.639208994500,282.963015465970,309.270533653103,347.063419407475,81.736499383994,11.031913827476,14.554053718875,1010.023790324040,335.927707693890,24.972034379014,734.635444290049,192.526783047207,0.369797065587,151.226634469097,479.097703082131,336.395166104663,353.932184651927
2005-12,2005,112.639208994500,282.963015465970,309.270533653103,347.063419407475,81.736499383994,11.031913827476,14.554053718875,1010.023790324040,335.927707693890,24.972034379014,734.635444290049,192.526783047207,0.369797065587,151.226634469097,479.097703082131,336.395166104663,353.932184651927
2006-01,2006,278.226528002348,548.752960763639,618.160990664700,890.515707651491,115.553517238625,25.018262045467,14.975654400620,2622.407670503580,724.967868654519,14.980372173785,1911.382268135770,387.797752413336,0.482984544463,218.449164423135,652.639575961815,912.187655704446,754.247188601737
2006-02,2006,278.226528002348,548.752960763639,618.160990664700,890.515707651491,115.553517238625,25.018262045467,14.975654400620,2622.407670503580,724.967868654519,14.980372173785,1911.382268135770,387.797752413336,0.482984544463,218.449164423135,652.639575961815,912.187655704446,754.247188601737
2006-03,2006,244.343490704043,527.837087864496,656.617681359648,910.330380328570,114.024491742163,24.111251957295,15.614268417924,2286.368727488510,735.633242684035,19.111439596903,1989.844468761250,331.561389238466,0.545339851810,234.645808095228,703.672984499444,838.670837264572,720.320340982787
2006-04,2006,244.343490704043,527.837087864496,656.617681359648,910.330380328570,114.024491742163,24.111251957295,15.614268417924,2286.368727488510,735.633242684035,19.111439596903,1989.844468761250,331.561389238466,0.545339851810,234.645808095228,703.672984499444,838.670837264572,720.320340982787
2006-05,2006,244.343490704043,527.837087864496,656.617681359648,910.330380328570,114.024491742163,24.111251957295,15.614268417924,2286.368727488510,735.633242684035,19.111439596903,1989.844468761250,331.561389238466,0.545339851810,234.645808095228,703.672984499444,838.670837264572,720.320340982787
2006-06,2006,244.343490704043,527.837087864496,656.617681359648,910.330380328570,114.024491742163,24.111251957295,15.614268417924,2286.368727488510,735.633242684035,19.111439596903,1989.844468761250,331.561389238466,0.545339851810,234.645808095228,703.672984499444,838.670837264572,720.320340982787
2006-07,2006,219.883413714304,215.291804145238,1089.337270208320,794.920585731498,84.764087152792,10.021368166954,33.983780022077,2126.272184935570,406.975368024088,69.137659662120,1548.082145760310,371.041895287972,1.119942278188,461.170190038801,1334.897917009780,842.146742780427,329.724413153745
2006-08,2006,219.883413714304,215.291804145238,1089.337270208320,794.920585731498,84.764087152792,10.021368166954,33.983780022077,2126.272184935570,406.975368024088,69.137659662120,1548.082145760310,371.041895287972,1.119942278188,461.170190038801,1334.897917009780,842.146742780427,329.724413153745
2006-09,2006,202.670288877201,430.771709912868,858.520818359667,963.032788980071,100.132882040669,19.679459459341,28.146345090483,1892.471195271130,615.566483290418,56.814200994871,2029.199852783630,274.144149546559,0.887128236425,379.633589308053,1032.813750989530,706.070016608670,589.865064711044
2006-10,2006,202.670288877201,430.771709912868,858.520818359667,963.032788980071,100.132882040669,19.679459459341,28.146345090483,1892.471195271130,615.566483290418,56.814200994871,2029.199852783630,274.144149546559,0.887128236425,379.633589308053,1032.813750989530,706.070016608670,589.865064711044
2006-11,2006,247.278601791671,484.288860581141,664.430099852880,1012.405656419280,106.629644987625,22.066451345315,22.842872971446,2327.034237050750,642.175549815537,37.074131478713,2056.837768141760,345.055045723164,0.810935676990,343.058238128756,879.619844219214,818.420762536272,667.328830633393
2006-12,2006,247.278601791671,484.288860581141,664.430099852880,1012.405656419280,106.629644987625,22.066451345315,22.842872971446,2327.034237050750,642.175549815537,37.074131478713,2056.837768141760,345.055045723164,0.810935676990,343.058238128756,879.619844219214,818.420762536272,667.328830633393
2007-01,2007,219.862846789476,474.358095864528,680.020994607352,1043.096568905360,105.588694501926,21.666345332712,22.904180881194,2055.636436432030,663.529731137779,39.594778667664,2114.524489045850,298.942200375324,0.831237212110,352.021925605886,884.015036073566,756.347529695351,649.146377009373
2007-02,2007,219.862846789476,474.358095864528,680.020994607352,1043.096568905360,105.588694501926,21.666345332712,22.904180881194,2055.636436432030,663.529731137779,39.594778667664,2114.524489045850,298.942200375324,0.831237212110,352.021925605886,884.015036073566,756.347529695351,649.146377009373
2007-03,2007,207.879924419590,448.281775888782,914.573892660930,1002.770436460420,102.612361111733,20.488262722104,25.590123205297,1940.224537946170,646.729606207922,52.532392074643,2109.654059159460,280.282476393723,0.902561096766,381.440584043407,975.770582592988,718.052546312594,614.511994286550
2007-04,2007,223.935088388795,532.589160332430,608.377089015638,730.450249847587,112.223756414619,23.383092042978,13.391409268594,2083.367381405580,687.690802458257,15.325020765067,1709.834135431050,299.280674589698,0.422746660434,198.815754286398,565.285402165864,751.371703850134,719.344287804737
2007-05,2007,223.935088388795,532.589160332430,608.377089015638,730.450249847587,112.223756414619,23.383092042978,13.391409268594,2083.367381405580,687.690802458257,15.325020765067,1709.834135431050,299.280674589698,0.422746660434,198.815754286398,565.285402165864,751.371703850134,719.344287804737
2007-06,2007,223.935088388795,532.589160332430,608.377089015638,730.450249847587,112.223756414619,23.383092042978,13.391409268594,2083.367381405580,687.690802458257,15.325020765067,1709.834135431050,299.280674589698,0.422746660434,198.815754286398,565.285402165864,751.371703850134,719.344287804737
2007-07,2007,223.935088388795,532.589160332430,608.377089015638,730.450249847587,112.223756414619,23.383092042978,13.391409268594,2083.367381405580,687.690802458257,15.325020765067,1709.834135431050,299.280674589698,0.422746660434,198.815754286398,565.285402165864,751.371703850134,719.344287804737
2007-08,2007,221.265515099502,523.241861836752,616.678353086449,730.176989047696,111.971047734525,22.973190039025,13.729572302678,2056.271743673510,677.356533025095,15.472090825859,1704.008509525560,294.048557253583,0.457024269006,209.280049048543,609.904905345964,747.659972718667,706.771313122959
2007-09,2007,218.046791567350,516.304869856112,619.623208112088,805.708000225050,112.145349620236,22.665987908490,13.701208014088,2023.154125486280,676.035461917705,22.478792595886,1747.253299278910,288.102386507725,0.481755621384,216.051533899751,630.862758527989,739.987255057720,700.554266587510
2007-10,2007,241.073694189039,530.171768616648,697.920808607737,896.524834451113,114.598893817870,24.175807177658,15.407357801910,2252.628338389270,742.284839203903,25.336771588170,1961.803102232560,324.229245960876,0.540066473163,236.239709832282,694.936656940760,825.235817784728,722.281009512664
2007-11,2007,246.055135941779,532.850514099664,631.270919741410,905.167373195121,114.169460915109,24.345875969423,15.471277110511,2304.406685110460,743.050170860764,22.898478260526,1955.815528475700,334.144374210229,0.496723730472,225.158518444836,675.672826676306,841.462215305027,728.190865243963
2007-12,2007,246.055135941779,532.850514099664,631.270919741410,905.167373195121,114.169460915109,24.345875969423,15.471277110511,2304.406685110460,743.050170860764,22.898478260526,1955.815528475700,334.144374210229,0.496723730472,225.158518444836,675.672826676306,841.462215305027,728.190865243963
2008-01,2008,223.024862187535,524.979231306343,561.540034104410,822.175667506826,112.154838640248,23.073926776258,13.010542758903,2073.161975426740,683.110530305931,20.013828070937,1757.281778130070,297.506742846339,0.442343590946,206.097326029122,586.046455204013,752.459202755392,714.259869588661
2008-02,2008,223.024862187535,524.979231306343,561.540034104410,822.175667506826,112.154838640248,23.073926776258,13.010542758903,2073.161975426740,683.110530305931,20.013828070937,1757.281778130070,297.506742846339,0.442343590946,206.097326029122,586.046455204013,752.459202755392,714.259869588661
2008-03,2008,209.011548470765,545.266746509623,587.680543891750,780.487893908167,113.037022778684,23.056389341526,12.972543082447,1928.662276061750,666.602304937174,21.234070006616,1674.063299893320,272.100752554580,0.457534939182,206.418846387534,596.799979736347,702.232470693255,730.885176339882
2008-04,2008,209.011548470765,545.266746509623,587.680543891750,780.487893908167,113.037022778684,23.056389341526,12.972543082447,1928.662276061750,666.602304937174,21.234070006616,1674.063299893320,272.100752554580,0.457534939182,206.418846387534,596.799979736347,702.232470693255,730.885176339882
2008-05,2008,209.301797450835,549.634373957113,566.430827559121,674.423347413407,112.086578201294,23.139848286018,12.978852657346,1928.695038490950,662.697450513126,14.320526513426,1582.967955914520,267.399473544608,0.397017615150,193.456605309317,545.860707987010,689.260644984577,727.706742314673
2008-06,2008,209.301797450835,549.634373957113,566.430827559121,674.423347413407,112.086578201294,23.139848286018,12.978852657346,1928.695038490950,662.697450513126,14.320526513426,1582.967955914520,267.399473544608,0.397017615150,193.456605309317,545.860707987010,689.260644984577,727.706742314673
2008-07,2008,209.467941226117,550.024026932101,564.218885159293,674.103396739015,112.081892760700,23.157679971881,12.988128100457,1930.366786388760,663.524965323530,13.999647714478,1585.034003751760,267.753940128523,0.393779170446,192.623165304263,544.765026777484,689.645064293658,727.935778345852
2008-08,2008,209.467941226117,550.024026932101,564.218885159293,674.103396739015,112.081892760700,23.157679971881,12.988128100457,1930.366786388760,663.524965323530,13.999647714478,1585.034003751760,267.753940128523,0.393779170446,192.623165304263,544.765026777484,689.645064293658,727.935778345852
2008-09,2008,208.803317725561,547.489866788159,569.809621101723,680.650955630072,112.155240035256,23.051459416017,13.037764433302,1923.647832394530,661.301839300565,14.050601890418,1586.175699631410,266.577305178408,0.417063456513,193.231433688499,556.201693483404,689.250008556048,724.645315920846
2008-10,2008,222.836864072074,519.780595709993,620.287974110957,735.062556057736,111.519177667459,22.857540208662,13.864690320344,2072.791827008410,679.170351393615,15.640277121767,1721.617186080740,297.190761086358,0.459150622116,210.373224276183,616.330188243360,754.712242745895,704.426373491337
2008-11,2008,223.024862187535,524.979231306343,561.540034104410,822.175667506826,112.154838640248,23.073926776258,13.010542758903,2073.161975426740,683.110530305931,20.013828070937,1757.281778130070,297.506742846339,0.442343590946,206.097326029122,586.046455204013,752.459202755392,714.259869588661
2008-12,2008,223.024862187535,524.979231306343,561.540034104410,822.175667506826,112.154838640248,23.073926776258,13.010542758903,2073.161975426740,683.110530305931,20.013828070937,1757.281778130070,297.506742846339,0.442343590946,206.097326029122,586.046455204013,752.459202755392,714.259869588661
2009-01,2009,223.024862187535,524.979231306343,561.540034104410,822.175667506826,112.154838640248,23.073926776258,13.010542758903,2073.161975426740,683.110530305931,20.013828070937,1757.281778130070,297.506742846339,0.442343590946,206.097326029122,586.046455204013,752.459202755392,714.259869588661
2009-02,2009,223.024862187535,524.979231306343,561.540034104410,822.175667506826,112.154838640248,23.073926776258,13.010542758903,2073.161975426740,683.110530305931,20.013828070937,1757.281778130070,297.506742846339,0.442343590946,206.097326029122,586.046455204013,752.459202755392,714.259869588661
2009-03,2009,235.804088280117,551.434462262061,597.961026565029,875.547352590214,114.564823097584,24.305164846688,13.857884018631,2196.574363088380,723.867533855622,21.314250886852,1871.669002652060,318.728541670709,0.470789376323,219.298457437864,623.911817711993,800.284559549088,753.831405156556
2009-04,2009,231.759035129760,537.798788998131,662.515525421039,862.523814747775,114.019701857371,23.713563231703,14.709422497599,2156.832299819900,717.097770143160,24.155530727616,1876.697180149630,311.349669754938,0.514414198599,230.739533728599,677.459040949265,792.964929434596,735.656166491100
2009-05,2009,236.466699088179,548.752345732413,654.146847266328,775.252615569926,113.796280623353,24.199586179110,14.712830459479,2204.944490019230,722.399342740792,16.603552757734,1833.024485450950,319.951418616692,0.461213419125,223.218265497168,642.878267995274,803.495134138984,747.148814910476
2009-06,2009,236.466699088179,548.752345732413,654.146847266328,775.252615569926,113.796280623353,24.199586179110,14.712830459479,2204.944490019230,722.399342740792,16.603552757734,1833.024485450950,319.951418616692,0.461213419125,223.218265497168,642.878267995274,803.495134138984,747.148814910476
2009-07,2009,261.486075796355,354.412975558328,807.860639151142,475.202986012436,99.175475238468,14.500336139252,18.342183152055,2516.590758588800,489.691428773638,23.063022726362,1086.446540981600,439.534531315898,0.542138131933,258.730319745327,858.493608136604,971.244997883860,525.687592724469
2009-08,2009,261.486075796355,354.412975558328,807.860639151142,475.202986012436,99.175475238468,14.500336139252,18.342183152055,2516.590758588800,489.691428773638,23.063022726362,1086.446540981600,439.534531315898,0.542138131933,258.730319745327,858.493608136604,971.244997883860,525.687592724469
2009-09,2009,231.759035129760,537.798788998131,662.515525421039,862.523814747775,114.019701857371,23.713563231703,14.709422497599,2156.832299819900,717.097770143160,24.155530727616,1876.697180149630,311.349669754938,0.514414198599,230.739533728599,677.459040949265,792.964929434596,735.656166491100
2009-10,2009,231.759035129760,537.798788998131,662.515525421039,862.523814747775,114.019701857371,23.713563231703,14.709422497599,2156.832299819900,717.097770143160,24.155530727616,1876.697180149630,311.349669754938,0.514414198599,230.739533728599,677.459040949265,792.964929434596,735.656166491100
2009-11,2009,231.759035129760,537.798788998131,662.515525421039,862.523814747775,114.019701857371,23.713563231703,14.709422497599,2156.832299819900,717.097770143160,24.155530727616,1876.697180149630,311.349669754938,0.514414198599,230.739533728599,677.459040949265,792.964929434596,735.656166491100
2009-12,2009,231.759035129760,537.798788998131,662.515525421039,862.523814747775,114.019701857371,23.713563231703,14.709422497599,2156.832299819900,717.097770143160,24.155530727616,1876.697180149630,311.349669754938,0.514414198599,230.739533728599,677.459040949265,792.964929434596,735.656166491100
2010-01,2010,235.804088280117,551.434462262061,597.961026565029,875.547352590214,114.564823097584,24.305164846688,13.857884018631,2196.574363088380,723.867533855622,21.314250886852,1871.669002652060,318.728541670709,0.470789376323,219.298457437864,623.911817711993,800.284559549088,753.831405156556
2010-02,2010,235.804088280117,551.434462262061,597.961026565029,875.547352590214,114.564823097584,24.305164846688,13.857884018631,2196.574363088380,723.867533855622,21.314250886852,1871.669002652060,318.728541670709,0.470789376323,219.298457437864,623.911817711993,800.284559549088,753.831405156556
2010-03,2010,231.759035129760,537.798788998131,662.515525421039,862.523814747775,114.019701857371,23.713563231703,14.709422497599,2156.832299819900,717.097770143160,24.155530727616,1876.697180149630,311.349669754938,0.514414198599,230.739533728599,677.459040949265,792.964929434596,735.656166491100
2010-04,2010,231.759035129760,537.798788998131,662.515525421039,862.523814747775,114.019701857371,23.713563231703,14.709422497599,2156.832299819900,717.097770143160,24.155530727616,1876.697180149630,311.349669754938,0.514414198599,230.739533728599,677.459040949265,792.964929434596,735.656166491100
2010-05,2010,236.466699088179,548.752345732413,654.146847266328,775.252615569926,113.796280623353,24.199586179110,14.712830459479,2204.944490019230,722.399342740792,16.603552757734,1833.024485450950,319.951418616692,0.461213419125,223.218265497168,642.878267995274,803.495134138984,747.148814910476
2010-06,2010,236.466699088179,548.752345732413,654.146847266328,775.252615569926,113.796280623353,24.199586179110,14.712830459479,2204.944490019230,722.399342740792,16.603552757734,1833.024485450950,319.951418616692,0.461213419125,223.218265497168,642.878267995274,803.495134138984,747.148814910476
2010-07,2010,261.486075796355,354.412975558328,807.860639151142,475.202986012436,99.175475238468,14.500336139252,18.342183152055,2516.590758588800,489.691428773638,23.063022726362,1086.446540981600,439.534531315898,0.542138131933,258.730319745327,858.493608136604,971.244997883860,525.687592724469
2010-08,2010,261.486075796355,354.412975558328,807.860639151142,475.202986012436,99.175475238468,14.500336139252,18.342183152055,2516.590758588800,489.691428773638,23.063022726362,1086.446540981600,439.534531315898,0.542138131933,258.730319745327,858.493608136604,971.244997883860,525.687592724469
2010-09,2010,231.759035129760,537.798788998131,662.515525421039,862.523814747775,114.019701857371,23.713563231703,14.709422497599,2156.832299819900,717.097770143160,24.155530727616,1876.697180149630,311.349669754938,0.514414198599,230.739533728599,677.459040949265,792.964929434596,735.656166491100
2010-10,2010,231.759035129760,537.798788998131,662.515525421039,862.523814747775,114.019701857371,23.713563231703,14.709422497599,2156.832299819900,717.097770143160,24.155530727616,1876.697180149630,311.349669754938,0.514414198599,230.739533728599,677.459040949265,792.964929434596,735.656166491100
2010-11,2010,235.804088280117,551.434462262061,597.961026565029,875.547352590214,114.564823097584,24.305164846688,13.857884018631,2196.574363088380,723.867533855622,21.314250886852,1871.669002652060,318.728541670709,0.470789376323,219.298457437864,623.911817711993,800.284559549088,753.831405156556
2010-12,2010,199.974325886214,461.903397996356,869.457812728602,962.338122413255,103.091950989313,20.367913740931,24.347944261907,1857.226925565820,627.687127024234,49.917479097965,2011.214140318620,268.364029443586,0.859812948191,368.243357176194,940.241077894252,688.753300935731,633.261128200517
2011-01,2011,235.804088280117,551.434462262061,597.961026565029,875.547352590214,114.564823097584,24.305164846688,13.857884018631,2196.574363088380,723.867533855622,21.314250886852,1871.669002652060,318.728541670709,0.470789376323,219.298457437864,623.911817711993,800.284559549088,753.831405156556
2011-02,2011,235.804088280117,551.434462262061,597.961026565029,875.547352590214,114.564823097584,24.305164846688,13.857884018631,2196.574363088380,723.867533855622,21.314250886852,1871.669002652060,318.728541670709,0.470789376323,219.298457437864,623.911817711993,800.284559549088,753.831405156556
2011-03,2011,231.759035129760,537.798788998131,662.515525421039,862.523814747775,114.019701857371,23.713563231703,14.709422497599,2156.832299819900,717.097770143160,24.155530727616,1876.697180149630,311.349669754938,0.514414198599,230.739533728599,677.459040949265,792.964929434596,735.656166491100
2011-04,2011,231.759035129760,537.798788998131,662.515525421039,862.523814747775,114.019701857371,23.713563231703,14.709422497599,2156.832299819900,717.097770143160,24.155530727616,1876.697180149630,311.349669754938,0.514414198599,230.739533728599,677.459040949265,792.964929434596,735.656166491100
2011-05,2011,236.592481651829,549.051168718811,654.417627196573,775.712270400718,113.815893678190,24.212830103408,14.701953576295,2206.136651741240,722.821823421677,15.604944578816,1833.337583429250,320.144856552443,0.461242349106,222.225999649389,642.602595629207,803.882125650043,747.445767620885
2011-06,2011,236.592481651829,549.051168718811,654.417627196573,775.712270400718,113.815893678190,24.212830103408,14.701953576295,2206.136651741240,722.821823421677,15.604944578816,1833.337583429250,320.144856552443,0.461242349106,222.225999649389,642.602595629207,803.882125650043,747.445767620885
2011-07,2011,261.972296054615,352.821906977565,811.056140085283,477.397343623609,99.060479060907,14.336778813847,18.350489444329,2522.861424309250,481.891938706073,21.747140417744,1092.352023515910,441.348207264810,0.538989196540,258.014437558118,861.320955485836,973.904596141135,525.363290445093
2011-08,2011,261.972296054615,352.821906977565,811.056140085283,477.397343623609,99.060479060907,14.336778813847,18.350489444329,2522.861424309250,481.891938706073,21.747140417744,1092.352023515910,441.348207264810,0.538989196540,258.014437558118,861.320955485836,973.904596141135,525.363290445093
2011-09,2011,236.535150954835,548.888106295362,654.574625470833,776.058546277569,113.797819388306,24.205237582441,14.702300533041,2205.551607834760,722.632150673500,15.614253032188,1833.774585304970,320.034512473342,0.461209590104,222.355349267865,643.019391631586,803.714456864292,747.212753929477
2011-10,2011,236.535150954835,548.888106295362,654.574625470833,776.058546277569,113.797819388306,24.205237582441,14.702300533041,2205.551607834760,722.632150673500,15.614253032188,1833.774585304970,320.034512473342,0.461209590104,222.355349267865,643.019391631586,803.714456864292,747.212753929477
2011-11,2011,240.339426762230,561.986338746464,588.958096196715,792.914168349975,114.459984175571,24.768570015243,13.850386429294,2242.775904120190,730.858344841938,13.337747373992,1829.222646785340,327.012344664317,0.418832036364,211.652678848113,591.826892435362,810.541772260121,764.772309130560
2011-12,2011,240.339426762230,561.986338746464,588.958096196715,792.914168349975,114.459984175571,24.768570015243,13.850386429294,2242.775904120190,730.858344841938,13.337747373992,1829.222646785340,327.012344664317,0.418832036364,211.652678848113,591.826892435362,810.541772260121,764.772309130560
2012-01,2012,235.967709001234,551.872833943803,598.331037713832,876.256650251226,114.540061201270,24.323949854578,13.861115370024,2198.170149241510,724.319700453611,21.169294500404,1873.131280389360,318.966675989670,0.470018258325,219.215598236642,622.912565215504,800.653872738701,754.394733055259
2012-02,2012,235.967709001234,551.872833943803,598.331037713832,876.256650251226,114.540061201270,24.323949854578,13.861115370024,2198.170149241510,724.319700453611,21.169294500404,1873.131280389360,318.966675989670,0.470018258325,219.215598236642,622.912565215504,800.653872738701,754.394733055259
2012-03,2012,236.535150954835,548.888106295362,654.574625470833,776.058546277569,113.797819388306,24.205237582441,14.702300533041,2205.551607834760,722.632150673500,15.614253032188,1833.774585304970,320.034512473342,0.461209590104,222.355349267865,643.019391631586,803.714456864292,747.212753929477
2012-04,2012,236.535150954835,548.888106295362,654.574625470833,776.058546277569,113.797819388306,24.205237582441,14.702300533041,2205.551607834760,722.632150673500,15.614253032188,1833.774585304970,320.034512473342,0.461209590104,222.355349267865,643.019391631586,803.714456864292,747.212753929477
2012-05,2012,261.972296054615,352.821906977565,811.056140085283,477.397343623609,99.060479060907,14.336778813847,18.350489444329,2522.861424309250,481.891938706073,21.747140417744,1092.352023515910,441.348207264810,0.538989196540,258.014437558118,861.320955485836,973.904596141135,525.363290445093
2012-06,2012,261.972296054615,352.821906977565,811.056140085283,477.397343623609,99.060479060907,14.336778813847,18.350489444329,2522.861424309250,481.891938706073,21.747140417744,1092.352023515910,441.348207264810,0.538989196540,258.014437558118,861.320955485836,973.904596141135,525.363290445093
2012-07,2012,261.972296054615,352.821906977565,811.056140085283,477.397343623609,99.060479060907,14.336778813847,18.350489444329,2522.861424309250,481.891938706073,21.747140417744,1092.352023515910,441.348207264810,0.538989196540,258.014437558118,861.320955485836,973.904596141135,525.363290445093
2012-08,2012,261.972296054615,352.821906977565,811.056140085283,477.397343623609,99.060479060907,14.336778813847,18.350489444329,2522.861424309250,481.891938706073,21.747140417744,1092.352023515910,441.348207264810,0.538989196540,258.014437558118,861.320955485836,973.904596141135,525.363290445093
2012-09,2012,261.878343438851,352.688798011306,811.200434266874,478.037275577532,99.042229721790,14.330950339086,18.349158279480,2521.873818399990,481.743442055070,21.757267020611,1093.341750222810,441.131224692825,0.538903911108,258.179920547206,861.802518090481,973.581957889432,525.143936873176
2012-10,2012,261.878343438851,352.688798011306,811.200434266874,478.037275577532,99.042229721790,14.330950339086,18.349158279480,2521.873818399990,481.743442055070,21.757267020611,1093.341750222810,441.131224692825,0.538903911108,258.179920547206,861.802518090481,973.581957889432,525.143936873176
2012-11,2012,240.339426762230,561.986338746464,588.958096196715,792.914168349975,114.459984175571,24.768570015243,13.850386429294,2242.775904120190,730.858344841938,13.337747373992,1829.222646785340,327.012344664317,0.418832036364,211.652678848113,591.826892435362,810.541772260121,764.772309130560
2012-12,2012,240.339426762230,561.986338746464,588.958096196715,792.914168349975,114.459984175571,24.768570015243,13.850386429294,2242.775904120190,730.858344841938,13.337747373992,1829.222646785340,327.012344664317,0.418832036364,211.652678848113,591.826892435362,810.541772260121,764.772309130560
2013-01,2013,235.966303507715,552.007827569931,598.457647981011,876.500402046360,114.561257294768,24.329979544831,13.862329462972,2198.083795451210,724.494398037942,21.169575719774,1873.652289124400,319.005593832718,0.470146488485,219.241856976202,622.496755961338,800.616224117736,754.588105883382
2013-02,2013,235.966303507715,552.007827569931,598.457647981011,876.500402046360,114.561257294768,24.329979544831,13.862329462972,2198.083795451210,724.494398037942,21.169575719774,1873.652289124400,319.005593832718,0.470146488485,219.241856976202,622.496755961338,800.616224117736,754.588105883382
2013-03,2013,236.784840208853,549.661359195109,654.749918153760,776.852265886209,113.885393437260,24.239509798876,14.690235245808,2207.888841923570,723.496157917974,15.570506444889,1833.153061589460,320.366440030474,0.458417126527,221.878752845393,640.260557571077,804.445536710452,748.272643047302
2013-04,2013,236.784840208853,549.661359195109,654.749918153760,776.852265886209,113.885393437260,24.239509798876,14.690235245808,2207.888841923570,723.496157917974,15.570506444889,1833.153061589460,320.366440030474,0.458417126527,221.878752845393,640.260557571077,804.445536710452,748.272643047302
2013-05,2013,262.380455068717,353.504581719525,811.635897993521,477.892058349213,99.153590776067,14.364543922505,18.341083123398,2526.849555123800,482.608917386572,21.698028055193,1089.901730745240,442.075872958872,0.535190693130,257.413484464328,857.867406629032,975.302114594161,526.398218793606
2013-06,2013,262.380455068717,353.504581719525,811.635897993521,477.892058349213,99.153590776067,14.364543922505,18.341083123398,2526.849555123800,482.608917386572,21.698028055193,1089.901730745240,442.075872958872,0.535190693130,257.413484464328,857.867406629032,975.302114594161,526.398218793606
2013-07,2013,262.380455068717,353.504581719525,811.635897993521,477.892058349213,99.153590776067,14.364543922505,18.341083123398,2526.849555123800,482.608917386572,21.698028055193,1089.901730745240,442.075872958872,0.535190693130,257.413484464328,857.867406629032,975.302114594161,526.398218793606
2013-08,2013,262.380455068717,353.504581719525,811.635897993521,477.892058349213,99.153590776067,14.364543922505,18.341083123398,2526.849555123800,482.608917386572,21.698028055193,1089.901730745240,442.075872958872,0.535190693130,257.413484464328,857.867406629032,975.302114594161,526.398218793606
2013-09,2013,262.286099456881,353.370849523245,811.780206938169,478.533095482313,99.135256233743,14.358689223400,18.339753854163,2525.857864403900,482.459747797893,21.708200657933,1090.894776734130,441.858067311158,0.535107129347,257.579618206849,858.351716540769,974.978094496154,526.177883283642
2013-10,2013,262.286099456881,353.370849523245,811.780206938169,478.533095482313,99.135256233743,14.358689223400,18.339753854163,2525.857864403900,482.459747797893,21.708200657933,1090.894776734130,441.858067311158,0.535107129347,257.579618206849,858.351716540769,974.978094496154,526.177883283642
2013-11,2013,240.371797547202,562.204268535116,589.111902253950,793.200804180835,114.487685048116,24.778256718990,13.850558059602,2243.005248391080,731.108563385269,13.321197695401,1829.884449676760,327.099124450421,0.418775683764,211.652335305719,591.112563636650,810.614475116197,765.077824453361
2013-12,2013,240.371797547202,562.204268535116,589.111902253950,793.200804180835,114.487685048116,24.778256718990,13.850558059602,2243.005248391080,731.108563385269,13.321197695401,1829.884449676760,327.099124450421,0.418775683764,211.652335305719,591.112563636650,810.614475116197,765.077824453361
2014-01,2014,268.345322724863,364.220584939092,723.354636167578,491.134162405574,99.464963604743,14.772427628753,17.269280908607,2587.644387834780,484.624864615627,18.705865208974,1059.266825301760,455.895281894691,0.481280236304,244.214767262921,795.897628368293,989.999816159957,542.196417686087
2014-02,2014,268.345322724863,364.220584939092,723.354636167578,491.134162405574,99.464963604743,14.772427628753,17.269280908607,2587.644387834780,484.624864615627,18.705865208974,1059.266825301760,455.895281894691,0.481280236304,244.214767262921,795.897628368293,989.999816159957,542.196417686087
2014-03,2014,262.286099456881,353.370849523245,811.780206938169,478.533095482313,99.135256233743,14.358689223400,18.339753854163,2525.857864403900,482.459747797893,21.708200657933,1090.894776734130,441.858067311158,0.535107129347,257.579618206849,858.351716540769,974.978094496154,526.177883283642
2014-04,2014,262.286099456881,353.370849523245,811.780206938169,478.533095482313,99.135256233743,14.358689223400,18.339753854163,2525.857864403900,482.459747797893,21.708200657933,1090.894776734130,441.858067311158,0.535107129347,257.579618206849,858.351716540769,974.978094496154,526.177883283642
2014-05,2014,262.380455068717,353.504581719525,811.635897993521,477.892058349213,99.153590776067,14.364543922505,18.341083123398,2526.849555123800,482.608917386572,21.698028055193,1089.901730745240,442.075872958872,0.535190693130,257.413484464328,857.867406629032,975.302114594161,526.398218793606
2014-06,2014,262.380455068717,353.504581719525,811.635897993521,477.892058349213,99.153590776067,14.364543922505,18.341083123398,2526.849555123800,482.608917386572,21.698028055193,1089.901730745240,442.075872958872,0.535190693130,257.413484464328,857.867406629032,975.302114594161,526.398218793606
2014-07,2014,262.380455068717,353.504581719525,811.635897993521,477.892058349213,99.153590776067,14.364543922505,18.341083123398,2526.849555123800,482.608917386572,21.698028055193,1089.901730745240,442.075872958872,0.535190693130,257.413484464328,857.867406629032,975.302114594161,526.398218793606
2014-08,2014,262.380455068717,353.504581719525,811.635897993521,477.892058349213,99.153590776067,14.364543922505,18.341083123398,2526.849555123800,482.608917386572,21.698028055193,1089.901730745240,442.075872958872,0.535190693130,257.413484464328,857.867406629032,975.302114594161,526.398218793606
2014-09,2014,262.286099456881,353.370849523245,811.780206938169,478.533095482313,99.135256233743,14.358689223400,18.339753854163,2525.857864403900,482.459747797893,21.708200657933,1090.894776734130,441.858067311158,0.535107129347,257.579618206849,858.351716540769,974.978094496154,526.177883283642
2014-10,2014,262.286099456881,353.370849523245,811.780206938169,478.533095482313,99.135256233743,14.358689223400,18.339753854163,2525.857864403900,482.459747797893,21.708200657933,1090.894776734130,441.858067311158,0.535107129347,257.579618206849,858.351716540769,974.978094496154,526.177883283642
2014-11,2014,268.345322724863,364.220584939092,723.354636167578,491.134162405574,99.464963604743,14.772427628753,17.269280908607,2587.644387834780,484.624864615627,18.705865208974,1059.266825301760,455.895281894691,0.481280236304,244.214767262921,795.897628368293,989.999816159957,542.196417686087
2014-12,2014,268.345322724863,364.220584939092,723.354636167578,491.134162405574,99.464963604743,14.772427628753,17.269280908607,2587.644387834780,484.624864615627,18.705865208974,1059.266825301760,455.895281894691,0.481280236304,244.214767262921,795.897628368293,989.999816159957,542.196417686087
2015-01,2015,268.345322724863,364.220584939092,723.354636167578,491.134162405574,99.464963604743,14.772427628753,17.269280908607,2587.644387834780,484.624864615627,18.705865208974,1059.266825301760,455.895281894691,0.481280236304,244.214767262921,795.897628368293,989.999816159957,542.196417686087
2015-02,2015,268.345322724863,364.220584939092,723.354636167578,491.134162405574,99.464963604743,14.772427628753,17.269280908607,2587.644387834780,484.624864615627,18.705865208974,1059.266825301760,455.895281894691,0.481280236304,244.214767262921,795.897628368293,989.999816159957,542.196417686087
2015-03,2015,268.887232143925,364.993533816015,722.398518940639,490.778302931045,99.591975975674,14.813151475441,17.180170777180,2592.984602329640,485.541897199791,18.636547083946,1045.811123135850,456.688295938141,0.472450193930,242.607409911927,791.436709349966,991.939259202886,543.419747198723
2015-04,2015,268.887232143925,364.993533816015,722.398518940639,490.778302931045,99.591975975674,14.813151475441,17.180170777180,2592.984602329640,485.541897199791,18.636547083946,1045.811123135850,456.688295938141,0.472450193930,242.607409911927,791.436709349966,991.939259202886,543.419747198723
2015-05,2015,268.988649305251,365.138453711664,722.202163792190,490.118991349312,99.611252984550,14.819467679278,17.180947910466,2594.049339339080,485.698405010979,18.624385456335,1044.756446033680,456.922190120605,0.472504374855,242.427100299612,790.898969544687,992.284559807036,543.657523087741
2015-06,2015,268.988649305251,365.138453711664,722.202163792190,490.118991349312,99.611252984550,14.819467679278,17.180947910466,2594.049339339080,485.698405010979,18.624385456335,1044.756446033680,456.922190120605,0.472504374855,242.427100299612,790.898969544687,992.284559807036,543.657523087741
2015-07,2015,268.988649305251,365.138453711664,722.202163792190,490.118991349312,99.611252984550,14.819467679278,17.180947910466,2594.049339339080,485.698405010979,18.624385456335,1044.756446033680,456.922190120605,0.472504374855,242.427100299612,790.898969544687,992.284559807036,543.657523087741
2015-08,2015,268.988649305251,365.138453711664,722.202163792190,490.118991349312,99.611252984550,14.819467679278,17.180947910466,2594.049339339080,485.698405010979,18.624385456335,1044.756446033680,456.922190120605,0.472504374855,242.427100299612,790.898969544687,992.284559807036,543.657523087741
2015-09,2015,268.887232143925,364.993533816015,722.398518940639,490.778302931045,99.591975975674,14.813151475441,17.180170777180,2592.984602329640,485.541897199791,18.636547083946,1045.811123135850,456.688295938141,0.472450193930,242.607409911927,791.436709349966,991.939259202886,543.419747198723
2015-10,2015,268.887232143925,364.993533816015,722.398518940639,490.778302931045,99.591975975674,14.813151475441,17.180170777180,2592.984602329640,485.541897199791,18.636547083946,1045.811123135850,456.688295938141,0.472450193930,242.607409911927,791.436709349966,991.939259202886,543.419747198723
2015-11,2015,268.886369610970,364.992362346674,722.397961686456,490.778628409359,99.591683485764,14.813103931714,17.180153611444,2592.976281049670,485.540361699333,18.636657439891,1045.813577130100,456.686830240830,0.472449683356,242.609881648223,791.440872968467,991.936076352280,543.418003059393
2015-12,2015,268.886369610970,364.992362346674,722.397961686456,490.778628409359,99.591683485764,14.813103931714,17.180153611444,2592.976281049670,485.540361699333,18.636657439891,1045.813577130100,456.686830240830,0.472449683356,242.609881648223,791.440872968467,991.936076352280,543.418003059393
2016-01,2016,268.886369610970,364.992362346674,722.397961686456,490.778628409359,99.591683485764,14.813103931714,17.180153611444,2592.976281049670,485.540361699333,18.636657439891,1045.813577130100,456.686830240830,0.472449683356,242.609881648223,791.440872968467,991.936076352280,543.418003059393
2016-02,2016,268.886369610970,364.992362346674,722.397961686456,490.778628409359,99.591683485764,14.813103931714,17.180153611444,2592.976281049670,485.540361699333,18.636657439891,1045.813577130100,456.686830240830,0.472449683356,242.609881648223,791.440872968467,991.936076352280,543.418003059393
2016-03,2016,268.887232143925,364.993533816015,722.398518940639,490.778302931045,99.591975975674,14.813151475441,17.180170777180,2592.984602329640,485.541897199791,18.636547083946,1045.811123135850,456.688295938141,0.472450193930,242.607409911927,791.436709349966,991.939259202886,543.419747198723
2016-04,2016,268.887232143925,364.993533816015,722.398518940639,490.778302931045,99.591975975674,14.813151475441,17.180170777180,2592.984602329640,485.541897199791,18.636547083946,1045.811123135850,456.688295938141,0.472450193930,242.607409911927,791.436709349966,991.939259202886,543.419747198723
2016-05,2016,268.988649305251,365.138453711664,722.202163792190,490.118991349312,99.611252984550,14.819467679278,17.180947910466,2594.049339339080,485.698405010979,18.624385456335,1044.756446033680,456.922190120605,0.472504374855,242.427100299612,790.898969544687,992.284559807036,543.657523087741
2016-06,2016,268.988649305251,365.138453711664,722.202163792190,490.118991349312,99.611252984550,14.819467679278,17.180947910466,2594.049339339080,485.698405010979,18.624385456335,1044.756446033680,456.922190120605,0.472504374855,242.427100299612,790.898969544687,992.284559807036,543.657523087741
2016-07,2016,268.988649305251,365.138453711664,722.202163792190,490.118991349312,99.611252984550,14.819467679278,17.180947910466,2594.049339339080,485.698405010979,18.624385456335,1044.756446033680,456.922190120605,0.472504374855,242.427100299612,790.898969544687,992.284559807036,543.657523087741
2016-08,2016,268.988649305251,365.138453711664,722.202163792190,490.118991349312,99.611252984550,14.819467679278,17.180947910466,2594.049339339080,485.698405010979,18.624385456335,1044.756446033680,456.922190120605,0.472504374855,242.427100299612,790.898969544687,992.284559807036,543.657523087741
2016-09,2016,268.887232143925,364.993533816015,722.398518940639,490.778302931045,99.591975975674,14.813151475441,17.180170777180,2592.984602329640,485.541897199791,18.636547083946,1045.811123135850,456.688295938141,0.472450193930,242.607409911927,791.436709349966,991.939259202886,543.419747198723
2016-10,2016,268.887232143925,364.993533816015,722.398518940639,490.778302931045,99.591975975674,14.813151475441,17.180170777180,2592.984602329640,485.541897199791,18.636547083946,1045.811123135850,456.688295938141,0.472450193930,242.607409911927,791.436709349966,991.939259202886,543.419747198723
2016-11,2016,268.886369610970,364.992362346674,722.397961686456,490.778628409359,99.591683485764,14.813103931714,17.180153611444,2592.976281049670,485.540361699333,18.636657439891,1045.813577130100,456.686830240830,0.472449683356,242.609881648223,791.440872968467,991.936076352280,543.418003059393
2016-12,2016,268.886369610970,364.992362346674,722.397961686456,490.778628409359,99.591683485764,14.813103931714,17.180153611444,2592.976281049670,485.540361699333,18.636657439891,1045.813577130100,456.686830240830,0.472449683356,242.609881648223,791.440872968467,991.936076352280,543.418003059393
2017-01,2017,296.541282816764,288.745794329929,811.952687021744,493.065456061876,97.030179357224,13.443090021207,19.282917598672,2891.461998555550,503.082727997164,21.016022552630,1136.058636475550,515.985036817128,0.526876362127,255.034242106020,862.516949073843,1103.774579246360,438.474014328528
2017-02,2017,297.164108754757,289.476480800869,814.474440892749,494.601183712950,97.283086587451,13.483165166537,19.297925207659,2897.865951716230,504.633193387973,19.487055911729,1139.596607240210,517.480170934768,0.528397609788,254.634948152857,861.815129782547,1106.735185646760,439.704461642853
2017-03,2017,297.164108754757,289.476480800869,814.474440892749,494.601183712950,97.283086587451,13.483165166537,19.297925207659,2897.865951716230,504.633193387973,19.487055911729,1139.596607240210,517.480170934768,0.528397609788,254.634948152857,861.815129782547,1106.735185646760,439.704461642853
2017-04,2017,297.164108754757,289.476480800869,814.474440892749,494.601183712950,97.283086587451,13.483165166537,19.297925207659,2897.865951716230,504.633193387973,19.487055911729,1139.596607240210,517.480170934768,0.528397609788,254.634948152857,861.815129782547,1106.735185646760,439.704461642853
2017-05,2017,297.164108754757,289.476480800869,814.474440892749,494.601183712950,97.283086587451,13.483165166537,19.297925207659,2897.865951716230,504.633193387973,19.487055911729,1139.596607240210,517.480170934768,0.528397609788,254.634948152857,861.815129782547,1106.735185646760,439.704461642853
2017-06,2017,297.164108754757,289.476480800869,814.474440892749,494.601183712950,97.283086587451,13.483165166537,19.297925207659,2897.865951716230,504.633193387973,19.487055911729,1139.596607240210,517.480170934768,0.528397609788,254.634948152857,861.815129782547,1106.735185646760,439.704461642853
2017-07,2017,297.164108754757,289.476480800869,814.474440892749,494.601183712950,97.283086587451,13.483165166537,19.297925207659,2897.865951716230,504.633193387973,19.487055911729,1139.596607240210,517.480170934768,0.528397609788,254.634948152857,861.815129782547,1106.735185646760,439.704461642853
2017-08,2017,297.164108754757,289.476480800869,814.474440892749,494.601183712950,97.283086587451,13.483165166537,19.297925207659,2897.865951716230,504.633193387973,19.487055911729,1139.596607240210,517.480170934768,0.528397609788,254.634948152857,861.815129782547,1106.735185646760,439.704461642853
2017-09,2017,297.164108754757,289.476480800869,814.474440892749,494.601183712950,97.283086587451,13.483165166537,19.297925207659,2897.865951716230,504.633193387973,19.487055911729,1139.596607240210,517.480170934768,0.528397609788,254.634948152857,861.815129782547,1106.735185646760,439.704461642853
2017-10,2017,297.164108754757,289.476480800869,814.474440892749,494.601183712950,97.283086587451,13.483165166537,19.297925207659,2897.865951716230,504.633193387973,19.487055911729,1139.596607240210,517.480170934768,0.528397609788,254.634948152857,861.815129782547,1106.735185646760,439.704461642853
2017-11,2017,297.164108754757,289.476480800869,814.474440892749,494.601183712950,97.283086587451,13.483165166537,19.297925207659,2897.865951716230,504.633193387973,19.487055911729,1139.596607240210,517.480170934768,0.528397609788,254.634948152857,861.815129782547,1106.735185646760,439.704461642853
2017-12,2017,297.164108754757,289.476480800869,814.474440892749,494.601183712950,97.283086587451,13.483165166537,19.297925207659,2897.865951716230,504.633193387973,19.487055911729,1139.596607240210,517.480170934768,0.528397609788,254.634948152857,861.815129782547,1106.735185646760,439.704461642853
2018-01,2018,297.164108754757,289.476480800869,814.474440892749,494.601183712950,97.283086587451,13.483165166537,19.297925207659,2897.865951716230,504.633193387973,19.487055911729,1139.596607240210,517.480170934768,0.528397609788,254.634948152857,861.815129782547,1106.735185646760,439.704461642853
2018-02,2018,297.164108754757,289.476480800869,814.474440892749,494.601183712950,97.283086587451,13.483165166537,19.297925207659,2897.865951716230,504.633193387973,19.487055911729,1139.596607240210,517.480170934768,0.528397609788,254.634948152857,861.815129782547,1106.735185646760,439.704461642853
2018-03,2018,297.164108754757,289.476480800869,814.474440892749,494.601183712950,97.283086587451,13.483165166537,19.297925207659,2897.865951716230,504.633193387973,19.487055911729,1139.596607240210,517.480170934768,0.528397609788,254.634948152857,861.815129782547,1106.735185646760,439.704461642853
2018-04,2018,297.164108754757,289.476480800869,814.474440892749,494.601183712950,97.283086587451,13.483165166537,19.297925207659,2897.865951716230,504.633193387973,19.487055911729,1139.596607240210,517.480170934768,0.528397609788,254.634948152857,861.815129782547,1106.735185646760,439.704461642853
2018-05,2018,297.164108754757,289.476480800869,814.474440892749,494.601183712950,97.283086587451,13.483165166537,19.297925207659,2897.865951716230,504.633193387973,19.487055911729,1139.596607240210,517.480170934768,0.528397609788,254.634948152857,861.815129782547,1106.735185646760,439.704461642853
2018-06,2018,297.164108754757,289.476480800869,814.474440892749,494.601183712950,97.283086587451,13.483165166537,19.297925207659,2897.865951716230,504.633193387973,19.487055911729,1139.596607240210,517.480170934768,0.528397609788,254.634948152857,861.815129782547,1106.735185646760,439.704461642853
2018-07,2018,297.164108754757,289.476480800869,814.474440892749,494.601183712950,97.283086587451,13.483165166537,19.297925207659,2897.865951716230,504.633193387973,19.487055911729,1139.596607240210,517.480170934768,0.528397609788,254.634948152857,861.815129782547,1106.735185646760,439.704461642853
2018-08,2018,297.164108754757,289.476480800869,814.474440892749,494.601183712950,97.283086587451,13.483165166537,19.297925207659,2897.865951716230,504.633193387973,19.487055911729,1139.596607240210,517.480170934768,0.528397609788,254.634948152857,861.815129782547,1106.735185646760,439.704461642853
2018-09,2018,297.164108754757,289.476480800869,814.474440892749,494.601183712950,97.283086587451,13.483165166537,19.297925207659,2897.865951716230,504.633193387973,19.487055911729,1139.596607240210,517.480170934768,0.528397609788,254.634948152857,861.815129782547,1106.735185646760,439.704461642853
2018-10,2018,297.164108754757,289.476480800869,814.474440892749,494.601183712950,97.283086587451,13.483165166537,19.297925207659,2897.865951716230,504.633193387973,19.487055911729,1139.596607240210,517.480170934768,0.528397609788,254.634948152857,861.815129782547,1106.735185646760,439.704461642853
2018-11,2018,297.164108754757,289.476480800869,814.474440892749,494.601183712950,97.283086587451,13.483165166537,19.297925207659,2897.865951716230,504.633193387973,19.487055911729,1139.596607240210,517.480170934768,0.528397609788,254.634948152857,861.815129782547,1106.735185646760,439.704461642853
2018-12,2018,297.164108754757,289.476480800869,814.474440892749,494.601183712950,97.283086587451,13.483165166537,19.297925207659,2897.865951716230,504.633193387973,19.487055911729,1139.596607240210,517.480170934768,0.528397609788,254.634948152857,861.815129782547,1106.735185646760,439.704461642853
2019-01,2019,297.090937207546,289.255737097959,814.400423061718,494.496971362836,97.245880096600,13.469796458736,19.307914855891,2897.185611525750,504.345470065415,19.492560261676,1139.271905190670,517.533078487535,0.528408786229,254.635712702227,862.570770623967,1106.634393418340,439.470430190136
2019-02,2019,297.090937207546,289.255737097959,814.400423061718,494.496971362836,97.245880096600,13.469796458736,19.307914855891,2897.185611525750,504.345470065415,19.492560261676,1139.271905190670,517.533078487535,0.528408786229,254.635712702227,862.570770623967,1106.634393418340,439.470430190136
2019-03,2019,297.090937207546,289.255737097959,814.400423061718,494.496971362836,97.245880096600,13.469796458736,19.307914855891,2897.185611525750,504.345470065415,19.492560261676,1139.271905190670,517.533078487535,0.528408786229,254.635712702227,862.570770623967,1106.634393418340,439.470430190136
2019-04,2019,297.090937207546,289.255737097959,814.400423061718,494.496971362836,97.245880096600,13.469796458736,19.307914855891,2897.185611525750,504.345470065415,19.492560261676,1139.271905190670,517.533078487535,0.528408786229,254.635712702227,862.570770623967,1106.634393418340,439.470430190136
2019-05,2019,297.090937207546,289.255737097959,814.400423061718,494.496971362836,97.245880096600,13.469796458736,19.307914855891,2897.185611525750,504.345470065415,19.492560261676,1139.271905190670,517.533078487535,0.528408786229,254.635712702227,862.570770623967,1106.634393418340,439.470430190136
2019-06,2019,297.090937207546,289.255737097959,814.400423061718,494.496971362836,97.245880096600,13.469796458736,19.307914855891,2897.185611525750,504.345470065415,19.492560261676,1139.271905190670,517.533078487535,0.528408786229,254.635712702227,862.570770623967,1106.634393418340,439.470430190136
2019-07,2019,297.090937207546,289.255737097959,814.400423061718,494.496971362836,97.245880096600,13.469796458736,19.307914855891,2897.185611525750,504.345470065415,19.492560261676,1139.271905190670,517.533078487535,0.528408786229,254.635712702227,862.570770623967,1106.634393418340,439.470430190136
2019-08,2019,297.090937207546,289.255737097959,814.400423061718,494.496971362836,97.245880096600,13.469796458736,19.307914855891,2897.185611525750,504.345470065415,19.492560261676,1139.271905190670,517.533078487535,0.528408786229,254.635712702227,862.570770623967,1106.634393418340,439.470430190136
2019-09,2019,297.090937207546,289.255737097959,814.400423061718,494.496971362836,97.245880096600,13.469796458736,19.307914855891,2897.185611525750,504.345470065415,19.492560261676,1139.271905190670,517.533078487535,0.528408786229,254.635712702227,862.570770623967,1106.634393418340,439.470430190136
2019-10,2019,297.090937207546,289.255737097959,814.400423061718,494.496971362836,97.245880096600,13.469796458736,19.307914855891,2897.185611525750,504.345470065415,19.492560261676,1139.271905190670,517.533078487535,0.528408786229,254.635712702227,862.570770623967,1106.634393418340,439.470430190136
2019-11,2019,297.090937207546,289.255737097959,814.400423061718,494.496971362836,97.245880096600,13.469796458736,19.307914855891,2897.185611525750,504.345470065415,19.492560261676,1139.271905190670,517.533078487535,0.528408786229,254.635712702227,862.570770623967,1106.634393418340,439.470430190136
2019-12,2019,297.090937207546,289.255737097959,814.400423061718,494.496971362836,97.245880096600,13.469796458736,19.307914855891,2897.185611525750,504.345470065415,19.492560261676,1139.271905190670,517.533078487535,0.528408786229,254.635712702227,862.570770623967,1106.634393418340,439.470430190136